-- MySQL dump 10.13  Distrib 8.0.29, for Linux (x86_64)
--
-- Host: mindlet-mariadb-freetier.ceol5wm4lonu.ap-northeast-2.rds.amazonaws.com    Database: mindlet
-- ------------------------------------------------------
-- Server version	5.5.5-10.6.7-MariaDB-log

/*!40101 SET @OLD_CHARACTER_SET_CLIENT=@@CHARACTER_SET_CLIENT */;
/*!40101 SET @OLD_CHARACTER_SET_RESULTS=@@CHARACTER_SET_RESULTS */;
/*!40101 SET @OLD_COLLATION_CONNECTION=@@COLLATION_CONNECTION */;
/*!50503 SET NAMES utf8mb4 */;
/*!40103 SET @OLD_TIME_ZONE=@@TIME_ZONE */;
/*!40103 SET TIME_ZONE='+00:00' */;
/*!40014 SET @OLD_UNIQUE_CHECKS=@@UNIQUE_CHECKS, UNIQUE_CHECKS=0 */;
/*!40014 SET @OLD_FOREIGN_KEY_CHECKS=@@FOREIGN_KEY_CHECKS, FOREIGN_KEY_CHECKS=0 */;
/*!40101 SET @OLD_SQL_MODE=@@SQL_MODE, SQL_MODE='NO_AUTO_VALUE_ON_ZERO' */;
/*!40111 SET @OLD_SQL_NOTES=@@SQL_NOTES, SQL_NOTES=0 */;

--
-- Table structure for table `tb_admin`
--

DROP TABLE IF EXISTS `tb_admin`;
/*!40101 SET @saved_cs_client     = @@character_set_client */;
/*!50503 SET character_set_client = utf8mb4 */;
CREATE TABLE `tb_admin` (
  `admin_seq` bigint(20) unsigned NOT NULL AUTO_INCREMENT,
  `created_by` varchar(255) NOT NULL,
  `created_date` timestamp NOT NULL DEFAULT current_timestamp(),
  `last_modified_by` varchar(255) NOT NULL,
  `last_modified_date` timestamp NOT NULL DEFAULT current_timestamp(),
  `id` varchar(20) NOT NULL,
  `is_deleted` tinyint(4) NOT NULL,
  `password` varchar(255) NOT NULL,
  `role` varchar(255) NOT NULL,
  PRIMARY KEY (`admin_seq`),
  UNIQUE KEY `UKrfvcck205idrpfat0en08056f` (`id`)
) ENGINE=InnoDB AUTO_INCREMENT=91 DEFAULT CHARSET=utf8mb4;
/*!40101 SET character_set_client = @saved_cs_client */;

--
-- Dumping data for table `tb_admin`
--

LOCK TABLES `tb_admin` WRITE;
/*!40000 ALTER TABLE `tb_admin` DISABLE KEYS */;
/*!40000 ALTER TABLE `tb_admin` ENABLE KEYS */;
UNLOCK TABLES;

--
-- Table structure for table `tb_app_config`
--

DROP TABLE IF EXISTS `tb_app_config`;
/*!40101 SET @saved_cs_client     = @@character_set_client */;
/*!50503 SET character_set_client = utf8mb4 */;
CREATE TABLE `tb_app_config` (
  `app_config_seq` bigint(20) unsigned NOT NULL AUTO_INCREMENT,
  `created_by` varchar(255) NOT NULL,
  `created_date` timestamp NOT NULL DEFAULT current_timestamp(),
  `last_modified_by` varchar(255) NOT NULL,
  `last_modified_date` timestamp NOT NULL DEFAULT current_timestamp(),
  `community` varchar(255) NOT NULL,
  `language` varchar(255) NOT NULL,
  `sound_off` tinyint(4) NOT NULL,
  `member_seq` bigint(20) unsigned NOT NULL,
  PRIMARY KEY (`app_config_seq`),
  KEY `FKam2f8gipwy51e37opacy4y1dc` (`member_seq`),
  CONSTRAINT `FKam2f8gipwy51e37opacy4y1dc` FOREIGN KEY (`member_seq`) REFERENCES `tb_member` (`member_seq`)
) ENGINE=InnoDB AUTO_INCREMENT=6183 DEFAULT CHARSET=utf8mb4;
/*!40101 SET character_set_client = @saved_cs_client */;

--
-- Dumping data for table `tb_app_config`
--

LOCK TABLES `tb_app_config` WRITE;
/*!40000 ALTER TABLE `tb_app_config` DISABLE KEYS */;
INSERT INTO `tb_app_config` VALUES (1,'3f60b202-7fc9-459b-a749-8bcb8a09507e','2022-05-13 07:15:39','b3c27ad1-0cbe-4a1f-a123-d6f4adbd941c','2022-05-20 11:18:24','KOREA','KOREAN',0,1),(2,'65cb34f1-feaa-4b97-aa0e-f28542d7d3cf','2022-05-13 07:15:44','32d4e4b2-cbbd-43ea-b5cf-aff3e8308aeb','2022-05-19 06:57:33','KOREA','KOREAN',1,2),(3,'1af097af-c1a6-46b0-a75b-846283cb6fa0','2022-05-13 07:15:49','1af097af-c1a6-46b0-a75b-846283cb6fa0','2022-05-13 07:15:49','KOREA','KOREAN',0,3),(4,'f60881d0-3e36-44d2-8f92-e77c44474c07','2022-05-13 07:15:53','dbf7ae73-0fce-4a4a-acb7-0075a6bdbde3','2022-05-20 10:51:31','KOREA','KOREAN',0,4),(5,'bd08a945-9cfb-458d-a38c-56e7a8a8f79c','2022-05-13 07:15:58','bd08a945-9cfb-458d-a38c-56e7a8a8f79c','2022-05-13 07:15:58','KOREA','KOREAN',0,5),(6,'301a5867-4b5b-4767-ae9e-67d28201bb18','2022-05-13 07:16:03','301a5867-4b5b-4767-ae9e-67d28201bb18','2022-05-13 07:16:03','KOREA','KOREAN',0,6),(7,'2f4d786f-f7ae-4cc0-8097-748a4a5dcc13','2022-05-13 07:16:07','2f4d786f-f7ae-4cc0-8097-748a4a5dcc13','2022-05-13 07:16:07','KOREA','KOREAN',0,7),(8,'11ff0633-9a70-4857-a397-e019f63b7b3a','2022-05-13 07:16:11','11ff0633-9a70-4857-a397-e019f63b7b3a','2022-05-13 07:16:11','KOREA','KOREAN',0,8),(9,'a75fd91f-257e-4714-8863-a7ef6333a0c3','2022-05-13 07:16:14','a75fd91f-257e-4714-8863-a7ef6333a0c3','2022-05-13 07:16:14','KOREA','KOREAN',0,9),(10,'8eaa728f-b24f-4c81-9ea7-1482bdf33472','2022-05-13 07:16:18','8eaa728f-b24f-4c81-9ea7-1482bdf33472','2022-05-13 07:16:18','KOREA','KOREAN',0,10),(11,'ea6f530b-0de0-48d6-bc95-b9b8cccb9891','2022-05-13 07:16:22','dd3d352f-10b4-4f7e-98bb-6876f6ad8b44','2022-05-19 10:42:20','KOREA','KOREAN',0,11),(12,'e30269f4-1379-4e79-990f-2fe1a1b3af5e','2022-05-13 07:16:25','e30269f4-1379-4e79-990f-2fe1a1b3af5e','2022-05-13 07:16:25','KOREA','KOREAN',0,12),(13,'4b224b87-da4d-4e04-b380-6c4cc6021e67','2022-05-13 07:16:30','4b224b87-da4d-4e04-b380-6c4cc6021e67','2022-05-13 07:16:30','KOREA','KOREAN',0,13),(14,'0a56c846-e12c-4bd3-b441-2d61722a6b64','2022-05-13 07:16:32','0a56c846-e12c-4bd3-b441-2d61722a6b64','2022-05-13 07:16:32','KOREA','KOREAN',0,14),(15,'422b4ea0-c27b-4430-aa97-3e3d493cf371','2022-05-13 07:16:33','422b4ea0-c27b-4430-aa97-3e3d493cf371','2022-05-13 07:16:33','KOREA','KOREAN',0,15),(16,'c4f87af8-0bfa-44ed-af3e-01edd0a979a3','2022-05-13 07:16:37','c4f87af8-0bfa-44ed-af3e-01edd0a979a3','2022-05-13 07:16:37','KOREA','KOREAN',0,16),(17,'aa6ef01d-5baf-4c76-bf62-8400953cef7c','2022-05-13 07:16:40','aa6ef01d-5baf-4c76-bf62-8400953cef7c','2022-05-13 07:16:40','KOREA','KOREAN',0,17),(18,'10bdcd59-ea40-4551-b53f-97c19189cb77','2022-05-13 07:16:41','10bdcd59-ea40-4551-b53f-97c19189cb77','2022-05-13 07:16:41','KOREA','KOREAN',0,18),(19,'902f8566-3c1d-4337-8076-c5ad39d6707a','2022-05-13 07:16:45','902f8566-3c1d-4337-8076-c5ad39d6707a','2022-05-13 07:16:45','KOREA','KOREAN',0,19),(20,'a7b33141-828d-46d3-b0b9-a885df125a16','2022-05-13 07:16:46','a7b33141-828d-46d3-b0b9-a885df125a16','2022-05-13 07:16:46','KOREA','KOREAN',0,20),(633,'c295094f-a010-4d68-bc08-1167e72c65f3','2022-05-13 13:34:58','b7a7c84e-399f-4f22-ae3c-4d9c3a67d81c','2022-05-20 01:32:18','KOREA','KOREAN',0,813),(634,'0057281f-58a5-4f8e-ae84-cac2970b8df0','2022-05-14 09:16:04','fce56e62-11f8-432b-bc5d-29a8df7b650f','2022-05-20 06:50:20','KOREA','KOREAN',0,814),(839,'85d00262-6c02-4a12-80d8-fd3fe55519c6','2022-05-15 00:32:15','cee78060-2b07-4048-9b34-941c0b955617','2022-05-20 02:25:18','KOREA','KOREAN',1,1079),(2466,'196bd6d4-ce0d-4c8d-840d-04cc75d5b0fc','2022-05-15 16:00:07','e39a9e09-ec5a-4e90-b647-afc76a90ab81','2022-05-19 06:28:09','KOREA','KOREAN',0,3186),(2467,'e46c05fa-4395-4a08-955b-d26d6bc6fa6c','2022-05-16 02:05:44','329f52f2-78b0-4d6c-96c2-779c640d9798','2022-05-20 11:41:45','KOREA','KOREAN',1,3187),(2468,'4f0c76c2-1954-4d9d-9a36-cd6fb23ee8b4','2022-05-16 02:25:40','4f0c76c2-1954-4d9d-9a36-cd6fb23ee8b4','2022-05-16 02:25:40','KOREA','KOREAN',0,3188),(2469,'58f76a0e-dffb-4455-bfa2-90752f4f413d','2022-05-16 02:29:18','58f76a0e-dffb-4455-bfa2-90752f4f413d','2022-05-16 02:29:18','KOREA','KOREAN',0,3189),(2470,'35d8be56-85f9-46dd-85c8-25b6206ee493','2022-05-16 02:49:39','35d8be56-85f9-46dd-85c8-25b6206ee493','2022-05-16 02:49:39','KOREA','KOREAN',0,3190),(3486,'0fd7514a-5acc-4fe8-9347-c7f111f1a642','2022-05-16 08:46:21','c1fc17df-a787-410c-82fb-69d7c2438784','2022-05-20 07:07:09','KOREA','KOREAN',1,4504),(3876,'ee6ef356-8605-4bcb-b7de-b4d2d9b5336b','2022-05-16 15:47:55','fbea6e35-65f8-48df-bc09-547ec6dc2ea7','2022-05-20 02:12:13','KOREA','KOREAN',1,5012),(4083,'7ba1a096-72f5-4c21-b515-fa515d532b1f','2022-05-16 19:08:00','08ec8d45-b406-4671-982c-eb3d114f50da','2022-05-20 02:23:19','KOREA','KOREAN',1,5279),(4295,'4f392370-55ee-4b49-8401-675138d11028','2022-05-17 05:20:58','4f392370-55ee-4b49-8401-675138d11028','2022-05-17 05:20:58','KOREA','KOREAN',0,5551),(5092,'f5d5b37a-0d2d-4778-b8ac-9ea99c7b80fa','2022-05-17 12:03:49','0aac7a65-45e1-4ac1-87eb-0a10f2733fe4','2022-05-19 01:45:37','KOREA','KOREAN',1,6552),(5093,'73305d17-f081-4422-b66c-a737b2e453d4','2022-05-19 05:50:56','12d006fc-a06c-45c7-986b-6d7bd23b3e7a','2022-05-19 06:50:17','KOREA','KOREAN',1,6553),(5094,'a7733c84-8bc0-46ff-8f3a-cf2ebce30b8e','2022-05-19 05:53:26','a7733c84-8bc0-46ff-8f3a-cf2ebce30b8e','2022-05-19 05:53:26','KOREA','KOREAN',0,6554),(5095,'84ab978d-f7b7-4f80-8e30-cfe8a45274b1','2022-05-19 08:37:06','c2339650-ab19-48e4-9540-d12644802acd','2022-05-19 08:37:31','KOREA','KOREAN',1,6555),(5096,'ebe54dcd-d723-45a1-9608-ec268d123c06','2022-05-19 10:41:32','ebe54dcd-d723-45a1-9608-ec268d123c06','2022-05-19 10:41:32','KOREA','KOREAN',0,6556),(6182,'d7241d4d-d31a-4af1-ba2c-a076144b0089','2022-05-20 11:10:04','ce536b63-dcdf-4fad-8f04-e6fc966ac65e','2022-05-20 11:10:17','KOREA','KOREAN',1,7942);
/*!40000 ALTER TABLE `tb_app_config` ENABLE KEYS */;
UNLOCK TABLES;

--
-- Table structure for table `tb_dandelion`
--

DROP TABLE IF EXISTS `tb_dandelion`;
/*!40101 SET @saved_cs_client     = @@character_set_client */;
/*!50503 SET character_set_client = utf8mb4 */;
CREATE TABLE `tb_dandelion` (
  `dandelion_seq` bigint(20) unsigned NOT NULL AUTO_INCREMENT,
  `created_by` varchar(255) NOT NULL,
  `created_date` timestamp NOT NULL DEFAULT current_timestamp(),
  `last_modified_by` varchar(255) NOT NULL,
  `last_modified_date` timestamp NOT NULL DEFAULT current_timestamp(),
  `blossomed_date` date NOT NULL,
  `community` varchar(255) NOT NULL,
  `description` varchar(255) DEFAULT NULL,
  `flower_sign_number` int(10) unsigned NOT NULL,
  `is_deleted` tinyint(4) NOT NULL,
  `status` varchar(255) NOT NULL,
  `member_seq` bigint(20) unsigned NOT NULL,
  PRIMARY KEY (`dandelion_seq`),
  KEY `FKcm0w8d8jfwc3rypjfjfvv8op` (`member_seq`),
  CONSTRAINT `FKcm0w8d8jfwc3rypjfjfvv8op` FOREIGN KEY (`member_seq`) REFERENCES `tb_member` (`member_seq`)
) ENGINE=InnoDB AUTO_INCREMENT=11966 DEFAULT CHARSET=utf8mb4;
/*!40101 SET character_set_client = @saved_cs_client */;

--
-- Dumping data for table `tb_dandelion`
--

LOCK TABLES `tb_dandelion` WRITE;
/*!40000 ALTER TABLE `tb_dandelion` DISABLE KEYS */;
INSERT INTO `tb_dandelion` VALUES (789,'7646b1bb-1dd9-46ed-a71b-a851fa631b69','2022-05-13 08:36:37','57329f72-db12-4186-99c6-5918dc9712b5','2022-05-19 08:36:21','2022-05-19','KOREA','기억하고 싶다',1,0,'ALBUM',1),(793,'401c9afc-b0f4-49ba-b2e2-444a983ce011','2022-05-13 08:45:43','ece9b3cd-0a75-4ea5-be9a-786133a75daa','2022-05-19 05:22:06','2022-05-20','KOREA','dd',1,0,'BLOSSOMED',2),(1188,'b69c0164-5e04-4486-b023-068887032103','2022-05-13 09:01:03','bf0e31da-1b7e-4d55-a8e2-31b7e72b644d','2022-05-18 16:54:08','2022-06-10','KOREA','나의 사랑',2,0,'ALBUM',2),(1190,'4d78cc05-385b-448a-a7a2-a60cf96a139e','2022-05-14 09:31:56','5ad5b6e7-6890-4d59-9af8-bfeae441d4ed','2022-05-19 05:44:03','2022-06-04','KOREA',NULL,1,0,'FLYING',14),(1191,'73fa9fd5-b0d7-4130-8a25-eaa82bde01e3','2022-05-14 09:33:07','f1330210-e98e-4ca7-b994-dd6fcb983219','2022-05-19 13:16:15','2022-06-01','KOREA',NULL,2,0,'FLYING',14),(1192,'7a295a15-8a4a-49de-aca0-7ce0162fedfe','2022-05-14 10:10:14','e4a2b0be-229a-4b75-8035-bcb982b6db95','2022-05-17 19:37:41','2022-06-01','KOREA',NULL,1,0,'FLYING',17),(1193,'baa7cd21-7a94-47d9-a0e9-282ca0770e8a','2022-05-14 10:46:42','96fb8e00-ccd2-4d03-8780-54031ebc309f','2022-05-18 01:59:41','2022-07-09','KOREA',NULL,2,0,'FLYING',17),(1194,'f98013c9-7a69-482e-94af-f87df8ba3ae8','2022-05-14 10:51:32','2c39a343-4fe8-44a5-adc8-c90e32f758e6','2022-05-19 06:59:33','2022-06-07','KOREA',NULL,1,0,'FLYING',20),(1195,'07a95526-34c4-472f-bbb7-8a1ad14fbe26','2022-05-14 10:52:21','a38d6850-3caf-434d-b01a-ac66b0f7affa','2022-05-19 14:20:25','2022-06-09','KOREA',NULL,2,0,'FLYING',20),(1196,'29a41d6a-c878-4b47-b960-8b93ad6c5c82','2022-05-14 10:54:30','9ff4542c-0f8c-494c-acd0-ade24f010d04','2022-05-20 09:05:26','2022-05-23','KOREA',NULL,1,0,'FLYING',19),(1197,'138dcba4-4d30-41d4-87ec-7876ca45bcb2','2022-05-14 10:56:55','0a8cc1e2-4d83-4eb5-b06e-9f1ce487af45','2022-05-19 14:20:53','2022-05-31','KOREA',NULL,2,0,'FLYING',19),(1198,'1a43ca66-d41f-437f-821f-6931ff6954ad','2022-05-14 12:06:45','cf2f10ff-c0dd-4392-9240-977365c9949a','2022-05-19 06:26:03','2022-05-29','KOREA',NULL,1,0,'FLYING',18),(1199,'863ba31b-ef82-45c5-9156-a90d86076ad7','2022-05-14 12:07:45','04f16bec-f961-4d6e-a423-a1b8497e15d1','2022-05-19 06:40:10','2022-07-01','KOREA',NULL,2,0,'FLYING',18),(1200,'f7879524-ded1-4551-bff2-ed94e71ce322','2022-05-14 12:13:22','ec3913ff-9ae3-46e8-8a80-c0b794870757','2022-05-19 13:09:23','2022-05-22','KOREA',NULL,1,0,'FLYING',16),(1603,'53e9fed0-8469-41d7-8b3c-af2a9eba49cb','2022-05-15 04:51:50','7bd41134-ca2e-4119-83ae-f22d78f3dd99','2022-05-20 09:27:00','2022-10-15','KOREA',NULL,2,0,'FLYING',16),(1604,'12deb602-6fb8-4ac1-a0b1-cbf3c5ec6dfc','2022-05-15 04:56:33','af51a506-615d-4f6e-b0ee-35dc77f5034e','2022-05-18 07:31:16','2022-06-30','KOREA',NULL,1,0,'FLYING',15),(1605,'6693b14d-5619-497d-996f-8ac02803af89','2022-05-15 04:59:03','0c34a452-fc4a-4880-a4f6-a8011d7e0330','2022-05-18 07:31:40','2022-06-23','KOREA',NULL,2,0,'FLYING',15),(1606,'dd65ebe9-4f79-402a-9035-7d55b3dd4582','2022-05-15 05:16:03','343a2694-194f-4a80-a224-c4650d1cc1e1','2022-05-18 02:03:54','2022-06-23','KOREA',NULL,1,0,'FLYING',13),(1607,'4d9d4ba6-913f-45b8-9a09-a9e8bc56c0c6','2022-05-15 05:17:57','239efdf4-6049-4291-92d2-e8e94e68fdbe','2022-05-20 07:21:03','2022-07-30','KOREA',NULL,2,0,'FLYING',13),(1608,'cce043e2-8da3-4415-a69d-5b27f7bd1774','2022-05-15 05:24:17','e75d6786-6de4-45ee-a9dc-7e99a842527a','2022-05-18 15:08:05','2022-05-25','KOREA',NULL,1,0,'FLYING',11),(1609,'c6e6898c-3be3-485a-b8cc-3a80b3a62616','2022-05-15 05:27:07','f478b051-3a7d-4600-8542-7ed89fa26419','2022-05-19 05:05:45','2022-05-23','KOREA',NULL,2,0,'FLYING',11),(1611,'f1a7334c-611f-4d4d-98e8-2f769a535ea9','2022-05-15 05:30:23','a6ff2baa-afe4-4509-b533-1d99c7b27286','2024-05-20 11:43:32','2022-05-26','KOREA',NULL,1,0,'FLYING',10),(1612,'1e82e5a3-ac43-4281-a615-ea28bf5e7f0d','2022-05-15 05:30:35','3e456482-9a04-4a0d-9394-11d94673b97b','2022-05-18 07:29:07','2022-05-21','KOREA',NULL,2,0,'FLYING',10),(1613,'64dc3466-6567-4b6d-891e-42df94fdd26b','2022-05-15 05:40:56','eb5f20d5-9061-4571-a559-ac451f293c6e','2022-05-18 07:49:09','2022-05-29','KOREA',NULL,1,0,'FLYING',9),(1614,'a94f47d4-90c7-4fc8-b690-2c4511316bd3','2022-05-15 05:43:03','96855b06-b5e1-4cc9-8cec-bdb9433d61c0','2022-05-18 07:49:22','2022-06-11','KOREA',NULL,2,0,'FLYING',9),(1615,'dae97296-7782-4c4b-98c9-7f6cf533b877','2022-05-15 06:00:25','5779701b-628e-4020-bda2-b67df0e7bbb4','2022-05-18 12:46:50','2022-05-23','KOREA',NULL,1,0,'FLYING',8),(1616,'5be68e3c-da4d-448d-8936-bfab2ead4fa2','2022-05-15 06:16:30','6b9735a5-b9cc-44f5-98ac-b4366b476665','2022-05-20 07:21:53','2022-05-24','KOREA',NULL,2,0,'FLYING',8),(1617,'ffd68b05-7aea-4698-ab1f-55ed5c7a587a','2022-05-15 06:17:33','1e02aefc-a14c-438e-bd66-318e962175b3','2022-05-18 09:01:09','2022-05-19','KOREA',NULL,1,0,'RETURN',7),(1618,'057dfcb0-d409-4131-918b-b8d5e2537923','2022-05-15 06:17:53','75a98291-4618-4735-8ddd-873d468b44db','2022-05-18 13:25:39','2022-05-19','KOREA',NULL,2,0,'RETURN',7),(1619,'7a3bdddb-12a8-4e2f-b2b0-ed8d45d536dd','2022-05-15 06:19:19','395c1b4e-4486-4cd8-900f-c15884db20d9','2022-05-18 14:02:23','2022-05-26','KOREA',NULL,1,0,'FLYING',6),(1620,'a929f1f7-9bec-41d4-9586-55b163bfd5b4','2022-05-15 06:20:11','c8fd9c32-9148-4c29-8182-005ae34beaea','2022-05-18 14:02:40','2022-09-08','KOREA',NULL,2,0,'FLYING',6),(1622,'e7af1802-b16d-42b1-b863-a6655e06e8b2','2022-05-15 06:34:27','2d48f106-b277-4830-a985-68c7cbcf900f','2022-05-20 11:11:13','2022-05-28','KOREA',NULL,2,0,'FLYING',5),(1623,'ba4632bc-21cb-414c-8c13-0d58e732fef9','2022-05-15 06:35:15','7eaa08c2-1ad6-443d-bd20-99819fc2cd89','2022-05-17 19:37:22','2022-05-19','KOREA',NULL,3,0,'RETURN',5),(1624,'d371264a-2ab0-49f1-bad8-0c1938ebddb8','2022-05-15 06:39:11','bec4194a-0783-47e9-9fec-3f63b6357e9f','2022-05-19 11:01:02','2022-05-24','KOREA',NULL,1,0,'FLYING',12),(1625,'857b6224-54cf-4e34-8a00-163dbeae863d','2022-05-15 06:40:42','ec42acaf-eeaf-427b-97e5-b97497d1c05c','2022-05-19 12:09:24','2022-06-10','KOREA',NULL,2,0,'FLYING',12),(1629,'d461fdd9-44b8-4b81-994f-94922913e65a','2022-05-15 06:56:23','3b2bf86f-1712-4755-8df1-10802e02885e','2022-05-19 12:59:23','2022-05-17','KOREA',NULL,1,0,'FLYING',3),(1630,'b6a0544e-141f-49d4-9c16-d10f72173beb','2022-05-15 06:57:00','6aa8c35e-bf20-4b11-bf5e-f59ea0636d25','2022-05-19 14:21:59','2022-05-20','KOREA',NULL,2,0,'FLYING',3),(1631,'1cba38d4-348f-4d44-9440-a6aaee2bdb53','2022-05-15 06:58:49','2b4e000d-d02c-429c-9e09-20359a035d70','2022-05-19 13:02:30','2022-05-31','KOREA',NULL,1,0,'FLYING',4),(1632,'ec9a2beb-89c0-4673-bd40-83b72f7e9a76','2022-05-15 06:59:20','b76d9063-3d5d-4142-bb14-7cc56e78ba8c','2022-05-19 07:45:50','2022-05-21','KOREA',NULL,2,0,'FLYING',4),(1633,'e00319bb-805b-4eb7-ba95-eac3bc467523','2022-05-15 07:15:01','420164dd-654f-479f-ba12-32c62641ae05','2022-05-20 09:23:23','2022-05-26','KOREA',NULL,3,0,'FLYING',4),(4784,'d3e8dba7-9784-4193-bcd9-602710bd528b','2022-05-16 02:28:27','2b75b8ed-8db1-429f-9dfd-97bdff6d6918','2022-05-17 06:34:17','2022-05-19','KOREA',NULL,1,0,'RETURN',3188),(4785,'3963492f-87e9-4138-bed7-7bada94675af','2022-05-16 02:30:09','d1cad2dd-9210-4747-b469-f9cd790d115f','2022-05-17 06:44:01','2022-05-19','KOREA',NULL,1,0,'RETURN',3189),(4786,'c8c10276-f002-45b7-8133-e6e7387ecc51','2022-05-16 04:38:08','cb8fc74b-b470-49cf-99a9-5cd5f37f0a45','2022-05-20 09:53:27','2022-05-20','KOREA',NULL,1,0,'FLYING',3190),(6749,'baf120ae-72ca-4604-b6dc-73ac274ed0cf','2022-05-16 08:35:25','94699cd6-d628-48dc-99fc-648926591bfd','2022-05-19 12:13:29','2022-05-20','KOREA',NULL,3,0,'RETURN',3187),(6750,'9e2fcdee-f5ef-4136-951d-ffe16077bc6f','2022-05-16 09:38:01','7a902077-e62a-4c94-8cac-12b4f48b670c','2022-05-18 14:53:08','2022-05-19','KOREA',NULL,1,0,'BLOSSOMED',4504),(6751,'4bd1a787-243d-4418-b865-0d374b4f42f2','2022-05-16 13:15:00','80d192a7-fa3e-4193-b377-b127fb851af0','2022-05-17 17:01:18','2022-05-10','KOREA','나의 어린 시절..',2,0,'ALBUM',3187),(6752,'4bcc6149-70d9-4e51-8574-200774af78e2','2022-05-16 13:35:02','52582fc5-926a-457a-8447-33e70c7f8d5e','2022-05-18 12:48:56','2022-05-03','KOREA','여자친구가 생각나네',1,0,'ALBUM',3187),(7526,'b9d0e2d3-e6ab-4eeb-9e06-3c1e4455e89c','2022-05-16 16:26:54','3f69c509-bc68-4ee2-8b77-55e604f69605','2022-05-19 00:27:39','2022-05-19','KOREA','안녕하세요',1,0,'BLOSSOMED',5012),(7929,'8b787928-7930-43e3-9c9e-7e7d16539f82','2022-05-16 18:40:54','f68ab300-1688-42ba-9900-9758c0752795','2022-05-18 14:38:40','2022-05-19','KOREA',NULL,3,0,'BLOSSOMED',4504),(7930,'5a6b057e-41d6-4c20-a6c1-54fdaabf099b','2022-05-16 18:43:22','7d637401-7b44-414e-99ef-0a1308bf32df','2022-05-19 00:24:57','2022-05-19','KOREA',NULL,2,0,'BLOSSOMED',5012),(7931,'e824f269-9a83-4a0c-b639-4105c10bcc82','2022-05-16 18:44:25','f26a101a-827c-4848-9d87-9fb781d54049','2022-05-19 00:55:51','2022-05-19','KOREA','꽃말입니다',3,0,'ALBUM',5012),(7932,'5e0d06ec-030f-49f3-9b67-9b82d404d190','2022-05-16 18:49:34','1f054a98-635c-41fd-882b-cdc4ccd19724','2022-05-20 07:06:37','2022-05-21','KOREA','메리고양이꽃',4,0,'ALBUM',4504),(7933,'d4eb5f64-607a-45c7-a7a9-ca4fcafb380b','2022-05-16 19:02:25','46025b9a-51b5-447c-bbcd-9e1d704bbedf','2022-05-18 14:53:13','2022-05-19','KOREA',NULL,5,0,'BLOSSOMED',4504),(8342,'bff8e351-e854-41c6-8657-30eeece6bc13','2022-05-17 05:08:58','5186411f-d3fd-4339-8b05-0c71ceb42d14','2022-05-18 15:11:23','2022-05-21','KOREA',NULL,5,0,'FLYING',5012),(9874,'575208d4-22b0-4755-81e6-30edee940956','2022-05-17 07:37:01','595e94e6-7156-4c6c-ba06-e66b815244c6','2022-05-20 07:19:44','2022-05-20','KOREA',NULL,1,0,'FLYING',5279),(9875,'6e9adfa3-8074-405b-9ab4-4e44812fb802','2022-05-17 14:11:34','40f79b75-4c7e-4297-93be-2d8f17e52d47','2022-05-20 09:55:25','2022-05-24','KOREA',NULL,1,0,'FLYING',6552),(9876,'98569d71-8d88-4f50-a9c2-54cf5f9fbe6e','2022-05-17 14:35:09','ffe6be33-3476-45b5-95b2-19190a6164aa','2022-05-20 09:54:42','2022-05-24','KOREA',NULL,2,0,'FLYING',6552),(9878,'56448773-9483-41f1-9b61-a82095e209e5','2022-05-17 15:28:44','4de2ba31-e8e9-4cd6-ab3b-219d135cd013','2022-05-20 10:07:33','2022-05-20','KOREA',NULL,2,0,'FLYING',1),(9882,'7a3cb22f-b625-48ff-a62d-8f8e5db4db8c','2022-05-18 09:03:52','d9af4f48-e8cb-49a0-8c53-62e123d8ee1b','2022-05-20 10:20:33','2022-05-23','KOREA',NULL,1,0,'FLYING',813),(9883,'23bf9c4c-4a2b-4127-ab5a-22bf9e79bea6','2022-05-18 13:29:35','929d6997-9d05-4983-b891-e1e86d054f36','2022-05-20 10:21:05','2022-05-24','KOREA',NULL,3,0,'FLYING',6552),(9884,'cb52df30-fe7c-496d-8f11-6fc7a75cf3e3','2022-05-18 14:09:45','cb52df30-fe7c-496d-8f11-6fc7a75cf3e3','2022-05-18 14:09:45','2022-05-20','KOREA',NULL,1,0,'READY',814),(9885,'51bbb1f6-285f-425f-a843-a1b00a26d4ed','2022-05-18 14:47:58','a8f4bc90-f69e-4fd0-bb63-d800abfd455a','2022-05-19 07:21:42','2022-05-17','KOREA','작년 생일',2,0,'BLOSSOMED',3187),(9886,'74aa6e41-275a-4c2e-9db7-7e15b446c1da','2022-05-19 06:00:18','f7abc78c-7a0c-4559-b701-e71fc328d077','2022-05-19 06:30:13','2022-05-19','KOREA',NULL,1,0,'BLOSSOMED',6553),(9887,'82c638c9-0f97-4da6-97bd-c0a4412f2441','2022-05-19 06:24:59','87880d1e-63ee-46a1-b5d5-8c6de64d33ee','2022-05-20 07:10:23','2022-05-21','KOREA',NULL,2,0,'FLYING',6553),(9888,'612e460c-fabf-4bbf-9165-1124665a6bed','2022-05-19 06:39:52','27c1c219-914b-499b-a818-e0501816613b','2022-05-20 07:15:08','2022-05-21','KOREA',NULL,3,0,'FLYING',6553),(9889,'94276229-87fa-4bd3-b9b8-03ca212432a1','2022-05-19 07:47:15','94276229-87fa-4bd3-b9b8-03ca212432a1','2022-05-19 07:47:15','2022-05-08','KOREA','NBA 관람',4,0,'ALBUM',3187),(9890,'83db7127-7fc2-4efb-ae4a-87edfd97926d','2022-05-19 08:58:21','372b4785-24b3-4e71-895c-0ca49339c836','2022-05-20 09:41:29','2022-05-25','KOREA',NULL,2,0,'FLYING',2),(9891,'952934da-2cca-43bd-8e84-47c61493b85b','2022-05-19 09:03:53','27632a84-bc54-4ddc-83c4-c543f172ab9a','2022-05-20 09:43:45','2022-05-20','KOREA',NULL,3,0,'FLYING',2),(9892,'14cb0cba-ab50-4885-a86a-31bc887c944d','2022-05-19 12:10:42','14cb0cba-ab50-4885-a86a-31bc887c944d','2022-05-19 12:10:42','2022-05-04','KOREA','손흥민',4,0,'ALBUM',3187),(9893,'da9417ea-28c1-4f0e-af6c-5c68460a817a','2022-05-19 12:39:48','da9417ea-28c1-4f0e-af6c-5c68460a817a','2022-05-19 12:39:48','2022-05-01','KOREA','ㅋㅋㅋㅋㅋ',1,0,'ALBUM',3187),(9894,'3639d2f6-ac4a-4408-bd4c-c0d782b60c5e','2022-05-19 12:40:45','3639d2f6-ac4a-4408-bd4c-c0d782b60c5e','2022-05-19 12:40:45','2022-05-12','KOREA','제주도에서',2,0,'ALBUM',3187),(9895,'795e229c-7e38-4820-b09c-f4c9780eb7f5','2022-05-19 12:42:17','795e229c-7e38-4820-b09c-f4c9780eb7f5','2022-05-19 12:42:17','2022-05-09','KOREA','호박고구마',3,0,'ALBUM',3187),(9896,'77618a22-bec2-4a7d-a989-58ea9bb79f30','2022-05-19 12:43:16','77618a22-bec2-4a7d-a989-58ea9bb79f30','2022-05-19 12:43:16','2022-05-10','KOREA','첫 MMA',4,0,'ALBUM',3187),(9897,'58de99ab-0c7c-4b17-a5c2-d0f8a6f4a51c','2022-05-19 12:44:32','58de99ab-0c7c-4b17-a5c2-d0f8a6f4a51c','2022-05-19 12:44:32','2022-05-12','KOREA','재밌는 글',5,0,'ALBUM',3187),(9898,'c8745a54-f158-4b2f-9232-2d74caad8486','2022-05-19 12:54:46','e2c530b9-9c31-4761-99ab-8f103e1ef60b','2022-05-20 09:54:46','2022-07-07','KOREA',NULL,1,0,'FLYING',3187),(11551,'0a680d68-cc6c-4215-b9d0-896b7100c738','2022-05-20 02:00:01','a0a7240d-3e25-4add-bec0-29b5a6b047de','2022-05-20 09:56:48','2022-05-23','KOREA',NULL,4,0,'FLYING',2),(11552,'2a8b8578-f1f5-4eb5-a901-00d3e8145f70','2022-05-20 02:02:04','d5af64be-4510-439b-90a1-c007f5c83b9b','2022-05-20 09:59:31','2022-05-22','KOREA',NULL,5,0,'FLYING',2);
/*!40000 ALTER TABLE `tb_dandelion` ENABLE KEYS */;
UNLOCK TABLES;

--
-- Table structure for table `tb_member`
--

DROP TABLE IF EXISTS `tb_member`;
/*!40101 SET @saved_cs_client     = @@character_set_client */;
/*!50503 SET character_set_client = utf8mb4 */;
CREATE TABLE `tb_member` (
  `member_seq` bigint(20) unsigned NOT NULL AUTO_INCREMENT,
  `created_by` varchar(255) NOT NULL,
  `created_date` timestamp NOT NULL DEFAULT current_timestamp(),
  `last_modified_by` varchar(255) NOT NULL,
  `last_modified_date` timestamp NOT NULL DEFAULT current_timestamp(),
  `id` varchar(20) NOT NULL,
  `is_deleted` tinyint(4) NOT NULL,
  `password` varchar(255) NOT NULL,
  `role` varchar(255) NOT NULL,
  PRIMARY KEY (`member_seq`),
  UNIQUE KEY `UKj6qij29c54vtg8hqd92mwwc21` (`id`)
) ENGINE=InnoDB AUTO_INCREMENT=7943 DEFAULT CHARSET=utf8mb4;
/*!40101 SET character_set_client = @saved_cs_client */;

--
-- Dumping data for table `tb_member`
--

LOCK TABLES `tb_member` WRITE;
/*!40000 ALTER TABLE `tb_member` DISABLE KEYS */;
INSERT INTO `tb_member` VALUES (1,'2dbc482c-b1e0-4f38-aa46-62ea0d21e2a1','2022-05-13 07:15:39','2dbc482c-b1e0-4f38-aa46-62ea0d21e2a1','2022-05-13 07:15:39','chocobar',0,'$2a$10$aVN2WZhBSkb/bCH8wsJmRuWJ454D37fuXf7EtRifNdA26khdafeGO','MEMBER'),(2,'283a32b8-fe2a-455c-8ecb-0e6ad8f07e23','2022-05-13 07:15:44','283a32b8-fe2a-455c-8ecb-0e6ad8f07e23','2022-05-13 07:15:44','baseball',0,'$2a$10$n3WpROvCaJ0PYESknTI/4uoGFyO1FOvFJH2l1mFo3YDXu6VLCT.la','MEMBER'),(3,'6a30c642-a003-4fd2-bda1-1225cf76a2cf','2022-05-13 07:15:49','6a30c642-a003-4fd2-bda1-1225cf76a2cf','2022-05-13 07:15:49','hmson',0,'$2a$10$g5EkFoEkX4Rl6HsQTbeKpO4XjcfRHJrmxSaP56InhnVnEUOlf4Gi2','MEMBER'),(4,'8eb37fba-468a-428f-8660-19f3ef1510c6','2022-05-13 07:15:53','8eb37fba-468a-428f-8660-19f3ef1510c6','2022-05-13 07:15:53','fighter',0,'$2a$10$.dylEQfaVk/YeDuqYp9BN.l3jBwpRCwasi.vPNdZiD.sTJ8MQ1xhO','MEMBER'),(5,'1766e42b-de14-4950-bc87-95a4c52d3cf8','2022-05-13 07:15:58','1766e42b-de14-4950-bc87-95a4c52d3cf8','2022-05-13 07:15:58','captinkorea',0,'$2a$10$X4cclm321T2aDwnGGFhzUOdWM1wZEsvRQab3UUdRt6hKDFbutSLdO','MEMBER'),(6,'f2afb74a-52ed-41f0-8a7e-03e13aeb29f0','2022-05-13 07:16:03','f2afb74a-52ed-41f0-8a7e-03e13aeb29f0','2022-05-13 07:16:03','baby2022',0,'$2a$10$eA9WATvZZgqXsitE/9kfx.KKJ6WYgfP2oaj9RlANBL4A0ol/nYDKW','MEMBER'),(7,'d77be76a-d3ea-4d35-8291-fac7688bfa5b','2022-05-13 07:16:07','d77be76a-d3ea-4d35-8291-fac7688bfa5b','2022-05-13 07:16:07','hambugerman',0,'$2a$10$ulaK0G0lM0Dir6XBxUyul.CupfBsVAGpfPgomMCQvqHUqPnewSwmK','MEMBER'),(8,'e0204d88-3a73-48ca-8b8d-e2571b8800e6','2022-05-13 07:16:11','e0204d88-3a73-48ca-8b8d-e2571b8800e6','2022-05-13 07:16:11','anonymous',0,'$2a$10$MD4jGiLsLbB4lunFyJ76bu9KghOWONy0THt8Uwdlwf5jgMyu7lWU2','MEMBER'),(9,'e7083680-685b-4128-980d-3fb15fcd9607','2022-05-13 07:16:14','e7083680-685b-4128-980d-3fb15fcd9607','2022-05-13 07:16:14','imhacker',0,'$2a$10$rSm0vr8aW39PXC76wUNsEerEAESj9.RWrF3PxQx1m/k7LJZjhONve','MEMBER'),(10,'3f2e08db-8a49-4b92-be7d-629993787c0d','2022-05-13 07:16:18','3f2e08db-8a49-4b92-be7d-629993787c0d','2022-05-13 07:16:18','applesamsung',0,'$2a$10$G/cKr.DiUqpuj9yYXY2nl.wXKnyCkIdSZpgtWbw5qf4rRqi1MbFZe','MEMBER'),(11,'dd3bd04b-8451-4283-8801-a9d18bfc2eb4','2022-05-13 07:16:22','dd3bd04b-8451-4283-8801-a9d18bfc2eb4','2022-05-13 07:16:22','leesin',0,'$2a$10$dTaxWDiCK//bKzKbgoUtxeTki/ML.VOyLTGmLXa9SIZaLWzS8VwF6','MEMBER'),(12,'b03c38b9-4102-4795-8a08-eecbeda0e1de','2022-05-13 07:16:25','b03c38b9-4102-4795-8a08-eecbeda0e1de','2022-05-13 07:16:25','joyboy',0,'$2a$10$mht2DZ4mnU3i.9HgJ51x7ukIkHsJPh2CH72siK6BMJmpdO9aKwx92','MEMBER'),(13,'9f985434-5c03-4ca7-841b-909ea3afa50f','2022-05-13 07:16:30','9f985434-5c03-4ca7-841b-909ea3afa50f','2022-05-13 07:16:30','imfather',0,'$2a$10$d40RPkX3Z/JV4toIkXpxK.hmR.hpriXC1rliA7mbE1vDODaf8SZzu','MEMBER'),(14,'7aa6cdfc-5cb1-4a42-b9c1-20a309876a78','2022-05-13 07:16:32','7aa6cdfc-5cb1-4a42-b9c1-20a309876a78','2022-05-13 07:16:32','pinako',0,'$2a$10$oeGSdWYQVfFAVNA9tjtk5.scccYj9utXSJcA7YTKqxshx1WsVvVv6','MEMBER'),(15,'34ecf72e-500d-4931-a9ae-595777a362eb','2022-05-13 07:16:33','34ecf72e-500d-4931-a9ae-595777a362eb','2022-05-13 07:16:33','karina',0,'$2a$10$i5zDF.wY82gKDd1/rCbKeekP6r96bPQo9SKlXd3n1.3SPL.JKVnIK','MEMBER'),(16,'2ebdde78-1cbe-4442-97f9-de3efabeddc9','2022-05-13 07:16:37','2ebdde78-1cbe-4442-97f9-de3efabeddc9','2022-05-13 07:16:37','mouse12',0,'$2a$10$WGdeYvchtZeGnZyPWKEfbuplWkMe4/ZQN4AusJnQvY21cXYK0ALuS','MEMBER'),(17,'6c24569c-c4fc-4286-ac09-f17ba7f6ba00','2022-05-13 07:16:40','6c24569c-c4fc-4286-ac09-f17ba7f6ba00','2022-05-13 07:16:40','yellow',0,'$2a$10$fRaLAz1MmtoOGISSy6SwiOSF5VbRUcLNtmFC0qrm8Nh9GqVSGy0v6','MEMBER'),(18,'88857e08-f876-4fb0-9496-65db1eaba9f8','2022-05-13 07:16:41','88857e08-f876-4fb0-9496-65db1eaba9f8','2022-05-13 07:16:41','godyounggin',0,'$2a$10$MVb5n0Q1W/YfPE262LHEiehLAeZeurLwn.Nn26KU915YcKoxzxdr6','MEMBER'),(19,'8207eae8-2023-4cb9-8335-f230262ac259','2022-05-13 07:16:45','8207eae8-2023-4cb9-8335-f230262ac259','2022-05-13 07:16:45','prowalker',0,'$2a$10$CsH8BrxkgBLoBbiWw/PQOej4HlfdSsJCoWaqWp3S967KFkHeUrJvW','MEMBER'),(20,'58e51351-d726-491b-83b4-c8305dd49742','2022-05-13 07:16:46','58e51351-d726-491b-83b4-c8305dd49742','2022-05-13 07:16:46','pizza',0,'$2a$10$eh5Ec0srveH34TxZMiHK.emifoR.0MrB2tJSgtrOBQCypkwMPbrdS','MEMBER'),(813,'def6995e-335c-4e1e-bc5b-794b82f5190f','2022-05-13 13:34:58','def6995e-335c-4e1e-bc5b-794b82f5190f','2022-05-13 13:34:58','mingtae',0,'$2a$10$CQHEm7sgW426O6coq1uNqO6PRNt.uJHI72acpq5cOq4sKikkX4DJ.','MEMBER'),(814,'275aa05e-f8a1-45e4-badc-83c1bb972cb6','2022-05-14 09:16:04','275aa05e-f8a1-45e4-badc-83c1bb972cb6','2022-05-14 09:16:04','merry1',0,'$2a$10$i8XqvCydBPHzzRWnwEWmKOk8w2ucxbWvvGEnI7Jezvi4aKH6dD2U6','MEMBER'),(1079,'b561c524-4089-42cf-be7f-3949a9adac1e','2022-05-15 00:32:15','b561c524-4089-42cf-be7f-3949a9adac1e','2022-05-15 00:32:15','merry2',0,'$2a$10$8pMzmr5jU2KEjzl5mtDjzOsSctSSNLbwy29qGR1OL6fE9P8HB85gK','MEMBER'),(3186,'72c7af10-860d-4e03-8786-f409a3d0e1b5','2022-05-15 16:00:07','72c7af10-860d-4e03-8786-f409a3d0e1b5','2022-05-15 16:00:07','albumtest',0,'$2a$10$86lsOjgwHV29VpSwq.Brn.PdHa3KCgSHSDmBHR9bPiULla7Fbkimu','MEMBER'),(3187,'32560d5d-4f5e-4851-8357-f8287ca980fc','2022-05-16 02:05:44','32560d5d-4f5e-4851-8357-f8287ca980fc','2022-05-16 02:05:44','ssafyjoa',0,'$2a$10$GAUznx/3clN3mZ22x2yCH.WQtHUDlSirLr6.w54KXVGtDt9QBGBVy','MEMBER'),(3188,'f91a3ad1-e80a-4d38-9473-873f4b8b9b36','2022-05-16 02:25:40','f91a3ad1-e80a-4d38-9473-873f4b8b9b36','2022-05-16 02:25:40','foodholic',0,'$2a$10$10XWu0DiufIp4/vAj1W0COEesk5aTeAJ83/2LsdhnUwrOWwoha1oG','MEMBER'),(3189,'aa3dc794-17f7-4dad-8747-4d1722965b9a','2022-05-16 02:29:18','aa3dc794-17f7-4dad-8747-4d1722965b9a','2022-05-16 02:29:18','sage',0,'$2a$10$t1/NKgxeWf4ZYFIX.4Mu1u/D1r/FKZFLA/luL.NbXNx9B6aZpPIHe','MEMBER'),(3190,'624635b2-61ff-4b6d-882e-1d53678cb94a','2022-05-16 02:49:39','624635b2-61ff-4b6d-882e-1d53678cb94a','2022-05-16 02:49:39','merry3',0,'$2a$10$1s0Za0psosQ6jrxj0549l.TV0.JOujPztFhl4E/7h7wzhtSSysDiC','MEMBER'),(4504,'5036d99a-ef19-4264-9fd2-7a5197fe4ee1','2022-05-16 08:46:21','5036d99a-ef19-4264-9fd2-7a5197fe4ee1','2022-05-16 08:46:21','merry4',0,'$2a$10$lWnBEbTuoa0ZsPzivunD9.1/44J3pscJcdkokO3vDD75b82T0ULcO','MEMBER'),(5012,'a3c25159-c9d9-44c7-9cdd-d9574c177f88','2022-05-16 15:47:55','a3c25159-c9d9-44c7-9cdd-d9574c177f88','2022-05-16 15:47:55','merry5',0,'$2a$10$Y1AEVSY7e8pq.cVgYIhO/utRr2nNvJ929q3P3Eg/5mX0hkoszgwKq','MEMBER'),(5279,'157983d7-6a55-4c9d-a8a6-5e19ea13dc87','2022-05-16 19:08:00','157983d7-6a55-4c9d-a8a6-5e19ea13dc87','2022-05-16 19:08:00','merry6',0,'$2a$10$SQtea5D8N20O9p8AyX.mAemrk7iHGKMY8DUep6OF8cLHfPaJ5miN.','MEMBER'),(5551,'a2aca062-aef9-4694-a754-f2efdd85533a','2022-05-17 05:20:58','a2aca062-aef9-4694-a754-f2efdd85533a','2022-05-17 05:20:58','merry7',0,'$2a$10$YjKYraAmZvYpSurF4GK43.i2LD1Ueo8gtsErMx2klPcf7ewlNEf3G','MEMBER'),(6552,'c184b3eb-d820-43fe-90bf-f448edb0226f','2022-05-17 12:03:49','c184b3eb-d820-43fe-90bf-f448edb0226f','2022-05-17 12:03:49','jungsangsu',0,'$2a$10$/wVvFS4LIkfoFMKmB1va1ekuF5awFe3Vp8y7QWlNFmfHoyLt1xXSe','MEMBER'),(6553,'282916e5-ef03-4869-bd90-eb9fc0e6ec0c','2022-05-19 05:50:56','282916e5-ef03-4869-bd90-eb9fc0e6ec0c','2022-05-19 05:50:56','yoonki',0,'$2a$10$JxudCBil/G3KNZ.6kR/Ktu8V6M1SKI3UU52.tPf6QgxhWMeQununq','MEMBER'),(6554,'a9911ac7-e256-488d-b881-6170f711bc2f','2022-05-19 05:53:26','a9911ac7-e256-488d-b881-6170f711bc2f','2022-05-19 05:53:26','albumtestt',0,'$2a$10$t7Onzi7KEJ7OWuLF52svVeYAsvelFfq3nzb6ezYMGt0XLMotwG9ni','MEMBER'),(6555,'3a54f182-4569-4aeb-8e0d-e5ffce6c1db2','2022-05-19 08:37:06','3a54f182-4569-4aeb-8e0d-e5ffce6c1db2','2022-05-19 08:37:06','oneyoung',0,'$2a$10$h/v9325arm9WFyfVF3MRruUKlCfeINKY4SWWySJGWj1fIbTmj4bie','MEMBER'),(6556,'7d2b0e6b-7d49-45cc-8866-9cb5d6e2346f','2022-05-19 10:41:32','7d2b0e6b-7d49-45cc-8866-9cb5d6e2346f','2022-05-19 10:41:32','hyeppy',0,'$2a$10$NZkREhM0zkZPneQNqcINMezwvG0IhkwO1..HTX0ihrn7OdO0EKkZK','MEMBER'),(7942,'97db28b5-88b2-478d-816f-0b14351d2dd2','2022-05-20 11:10:04','97db28b5-88b2-478d-816f-0b14351d2dd2','2022-05-20 11:10:04','00000',0,'$2a$10$fzeobmmi2TyD618wLKQ1Nu9PKy1ONKAlXHkCi0f7PjaPHSr0tmNYO','MEMBER');
/*!40000 ALTER TABLE `tb_member` ENABLE KEYS */;
UNLOCK TABLES;

--
-- Table structure for table `tb_member_dandelion_history`
--

DROP TABLE IF EXISTS `tb_member_dandelion_history`;
/*!40101 SET @saved_cs_client     = @@character_set_client */;
/*!50503 SET character_set_client = utf8mb4 */;
CREATE TABLE `tb_member_dandelion_history` (
  `dandelion_seq` bigint(20) unsigned NOT NULL,
  `member_seq` bigint(20) unsigned NOT NULL,
  `created_by` varchar(255) NOT NULL,
  `created_date` timestamp NOT NULL DEFAULT current_timestamp(),
  PRIMARY KEY (`dandelion_seq`,`member_seq`),
  KEY `FKn944cjjc4up2rwbeoxj3ranq9` (`member_seq`),
  CONSTRAINT `FKn944cjjc4up2rwbeoxj3ranq9` FOREIGN KEY (`member_seq`) REFERENCES `tb_member` (`member_seq`),
  CONSTRAINT `FKqqu5n6l0p2kqvokurcal7psuu` FOREIGN KEY (`dandelion_seq`) REFERENCES `tb_dandelion` (`dandelion_seq`)
) ENGINE=InnoDB DEFAULT CHARSET=utf8mb4;
/*!40101 SET character_set_client = @saved_cs_client */;

--
-- Dumping data for table `tb_member_dandelion_history`
--

LOCK TABLES `tb_member_dandelion_history` WRITE;
/*!40000 ALTER TABLE `tb_member_dandelion_history` DISABLE KEYS */;
INSERT INTO `tb_member_dandelion_history` VALUES (789,2,'6b95d3e9-3856-4943-94f6-170b444544d7','2022-05-16 02:15:42'),(789,3,'0a28e141-ec12-4a83-9e78-80caf554afbc','2022-05-15 16:52:48'),(789,814,'8855893f-d676-48e2-9dbb-e2f38d9e8383','2022-05-14 17:44:06'),(789,1079,'a7af128c-e6ef-4e13-b445-17c859dcfb4f','2022-05-15 10:49:02'),(789,3190,'dad9875c-2b8e-4e67-812f-8dbdd5d2021d','2022-05-16 05:21:58'),(789,4504,'3508112d-4543-4470-af5e-4bbb7c9693a7','2022-05-16 14:49:05'),(793,1,'44323c26-7207-41d1-9cfa-04f2a4d9b5f5','2022-05-16 02:13:10'),(793,4,'4cf1c835-35b8-4944-a03e-cf290a08c965','2022-05-15 09:32:19'),(793,11,'3a81495b-0a3c-4b0c-be6e-9eb62d65393e','2022-05-17 16:20:42'),(793,814,'d2f1a03c-9649-4ca9-b03f-044c506f226d','2022-05-14 18:44:06'),(793,1079,'fc0b4f3e-711b-49d4-96d1-9fc9329e59bf','2022-05-15 12:09:31'),(793,3190,'c5f94cc7-9805-4f8f-8c1d-b3bd18d9ff9b','2022-05-16 04:21:04'),(793,4504,'e8e6876a-293d-4ff6-b215-47fda81b80e0','2022-05-16 14:02:25'),(793,5279,'93a6daa0-1ae0-4f11-b865-d1595a187204','2022-05-16 19:08:33'),(1188,1,'363238dd-1e83-4780-bb9d-739e7ccc9a83','2022-05-16 02:14:12'),(1188,5,'527feac6-3d16-4a89-8923-aec835eef108','2022-05-15 09:34:13'),(1188,813,'fd789319-f807-4d58-91d9-d2c066a3c03c','2022-05-16 14:09:01'),(1188,814,'2522a46c-6e6d-435c-8a1b-686b00d03ecb','2022-05-14 18:45:18'),(1188,1079,'39ad4263-a0fd-47fd-98b7-daab2a49af24','2022-05-15 12:29:25'),(1188,3190,'6e7dac46-44d5-4a18-9091-b657736ab093','2022-05-16 04:35:58'),(1188,4504,'42a9a9c7-9098-47d1-a318-354b81ab2cc1','2022-05-16 17:57:40'),(1188,5012,'816c1a87-d1e8-4dc1-ba90-6159284cefbd','2022-05-17 17:40:53'),(1190,1,'9d6b169e-f95e-43a4-85ab-c3923dd37318','2022-05-16 17:47:25'),(1190,5,'5a398d21-dac7-4a47-b342-d316c4530d67','2022-05-15 09:35:41'),(1190,7,'c7ef5f75-ed31-4c13-afd0-b1c6a3305256','2022-05-16 02:21:01'),(1190,813,'d2fc4d23-2bbf-4504-bd00-1e1aa505d314','2022-05-19 05:43:44'),(1190,814,'85cc1905-382a-4dfe-b64b-41bc20251ffe','2022-05-14 18:45:25'),(1190,1079,'a3b51713-cac5-4043-9522-e830f807193e','2022-05-15 13:26:38'),(1190,3190,'8bd8b673-8f20-4747-aa5e-b519f9ebb16e','2022-05-16 06:56:13'),(1190,4504,'a29761f2-ebe7-41d2-ae3d-3e36ad6ef20d','2022-05-16 14:54:45'),(1190,5012,'5c6a803b-31f8-48dd-a399-a9fcd296b53a','2022-05-17 07:24:54'),(1191,11,'da611d4d-fb7a-45e4-83b6-cae76546304d','2022-05-16 12:57:05'),(1191,15,'e7cdcf6d-c740-4d65-9277-122a747f77db','2022-05-15 13:30:28'),(1191,17,'3e4eed63-a67a-497d-bf7a-88fbede97af5','2022-05-15 09:36:46'),(1191,814,'ddd1dee4-6bfd-4e81-81ac-5f03e09c042a','2022-05-14 18:47:12'),(1191,1079,'c99c3821-6213-4d7e-96fc-2f7a30da7df1','2022-05-16 00:47:54'),(1191,3190,'f236bb73-a4a6-4569-98f6-5dc5fecebdbc','2022-05-16 04:04:05'),(1191,4504,'c30f1451-a3d3-480b-8043-e6771e6f210b','2022-05-17 16:59:52'),(1191,5012,'3b06f640-b5ff-472c-86eb-5d692f4e6722','2022-05-16 16:05:34'),(1191,5551,'9001cfc1-d2ff-4d6a-a536-545c4058bfdf','2022-05-17 05:31:32'),(1192,6,'8591c5dd-c9ce-4233-9125-11b66bdf04eb','2022-05-15 09:37:54'),(1192,11,'84e30cfb-ada8-4b93-bf73-3e14455dc8e7','2022-05-16 10:34:23'),(1192,15,'45298bea-d509-4158-93b8-62e5c6d3ddb8','2022-05-15 13:29:16'),(1192,814,'1d7cfd39-dafe-4c61-a99d-42ede73fad2c','2022-05-14 18:51:05'),(1192,1079,'c4fc42d9-1e93-4b1a-8228-afbd47648e14','2022-05-16 00:37:32'),(1192,3186,'d2d98cb4-055e-4880-8a09-ebeb83e923fb','2022-05-17 19:37:22'),(1192,3190,'60a495be-4ffe-402c-9dec-50f1d2c92bcd','2022-05-16 04:02:06'),(1192,4504,'88d9cfb4-51fd-4853-ad98-229f98abe708','2022-05-16 19:06:22'),(1192,5012,'da852b09-40b4-41e0-9fd0-1964fdd8ce7f','2022-05-16 16:04:27'),(1193,11,'e01fbd38-0b3a-4013-9a44-12fe07c411ad','2022-05-18 01:56:19'),(1193,20,'f328a6cf-c509-4940-8f38-656cc394364b','2022-05-15 09:44:31'),(1193,814,'7c739bd5-04e8-4cce-acdd-8517d9b68c1b','2022-05-14 18:51:43'),(1193,1079,'3c00ac16-fc54-402c-9ec8-506cdbc072c1','2022-05-15 13:47:36'),(1193,3189,'eb334571-1012-4f83-a8fb-512c6e61ed02','2022-05-16 02:30:19'),(1193,3190,'b4b25b35-7183-4da8-a814-d9f973b44850','2022-05-16 07:10:52'),(1193,4504,'58f8a9b7-63e1-47d9-be7f-0786188f757a','2022-05-16 14:59:13'),(1193,5012,'11ce0c9c-02ee-4143-83e3-4d4d112fc728','2022-05-17 01:14:22'),(1194,1,'6286e0e3-5184-42a3-9cdd-57bd065c6863','2022-05-16 18:29:47'),(1194,2,'32d6b79d-6f03-46ee-8100-ad260bc47c40','2022-05-19 06:59:15'),(1194,7,'e70a5480-ac2f-487f-aa5d-42dc4f84d0f3','2022-05-16 02:21:25'),(1194,17,'a20632a2-9fd0-4da3-b9c9-54e74dc0ccb0','2022-05-15 09:41:51'),(1194,814,'580a5b2b-9af6-424e-bd1d-edb4ccf28b77','2022-05-14 18:51:52'),(1194,1079,'a8a8325c-fff4-4f93-97b5-5e0dcabaaec6','2022-05-15 13:36:41'),(1194,3190,'66cfe70d-343a-4fae-a024-be42f415572a','2022-05-16 07:00:16'),(1194,4504,'f951d225-7a2d-42ba-a40a-1fca8d996260','2022-05-16 14:55:26'),(1194,5012,'aef25db8-8dca-4bb3-912e-0093ba5d24df','2022-05-17 13:48:47'),(1195,2,'e8405141-ccaf-4483-918a-4d1f516fea6e','2022-05-17 05:39:40'),(1195,11,'ceef5d56-666e-4a05-9764-7c88764feb09','2022-05-16 13:01:22'),(1195,12,'a28018f2-1e4e-4522-9395-f1e871f282b8','2022-05-15 14:00:09'),(1195,19,'42b7a331-8115-4bdc-929c-17a5032ef2b5','2022-05-15 09:48:20'),(1195,814,'c3245371-69e0-45bd-93fc-6d0c0347ab8c','2022-05-14 19:02:46'),(1195,1079,'2a11b6ab-a08c-4732-b5c2-8a517bc83392','2022-05-16 01:32:28'),(1195,3187,'3cfaab3f-11e4-4335-a017-1264e4e59123','2022-05-19 14:19:32'),(1195,3190,'dd456726-e492-46c8-a49a-b18e7aa580d5','2022-05-16 04:12:03'),(1195,4504,'e6e5b0c2-c074-4ad2-a57f-ad740f7cfeca','2022-05-17 17:01:31'),(1195,5012,'7dd6795c-aee2-4785-a10d-6c66e3fbf551','2022-05-16 16:13:37'),(1196,1,'916c1734-13d9-4c55-9f03-1727c2ae67c6','2022-05-16 18:40:06'),(1196,2,'49aca856-9ef0-4289-ae1f-ee6c3be0a043','2022-05-19 07:51:35'),(1196,17,'c8de6bff-988f-4bb4-9124-39d0c73beafa','2022-05-16 02:23:44'),(1196,20,'cc20e83b-0145-41b5-8bbd-b3128558ee6f','2022-05-15 09:46:30'),(1196,814,'1b57209f-9ea6-4851-918a-98d46a648776','2022-05-14 19:02:46'),(1196,1079,'1cef3484-e991-4e49-a5d3-6f56929c39da','2022-05-15 13:51:51'),(1196,3190,'37c53270-523d-49ce-b374-053eb1ed8335','2022-05-16 07:07:33'),(1196,4504,'ef6b79a2-58ea-4442-b9f5-3e84f104ff12','2022-05-16 14:57:30'),(1196,5012,'4a8d4004-b289-4836-90ce-9fd595faa673','2022-05-20 09:02:15'),(1196,5551,'ad329637-e160-4a4f-8fdf-217527aff72d','2022-05-17 14:46:49'),(1197,11,'7d5bc6bc-162c-48b5-aa0c-e2d5985a0692','2022-05-17 06:06:03'),(1197,13,'154427e5-ae74-40ed-95fa-51c5cb922cfe','2022-05-15 14:04:10'),(1197,18,'4e319ea7-b034-4a80-99c5-fe4ade35a285','2022-05-15 09:53:19'),(1197,813,'d3692d35-074b-4cdc-8ea4-826690776517','2022-05-16 13:07:32'),(1197,814,'2d2dea41-5ecf-44b6-8d1e-559212bbc12e','2022-05-14 19:03:47'),(1197,1079,'334fe0bb-a02d-4985-abf8-31ab8edef08c','2022-05-16 01:55:38'),(1197,3187,'62fcfb76-bff3-450c-8989-7a36ce622dae','2022-05-19 14:20:29'),(1197,3190,'ebd5cc1d-e6ae-4c74-a2dc-95065b238574','2022-05-16 04:15:11'),(1197,4504,'63c293e9-b8e6-4f94-ad0b-3c3ca5d0bb70','2022-05-17 17:01:47'),(1197,5012,'5c476c1f-0ace-4892-a52f-d710e648dc01','2022-05-16 16:20:30'),(1198,12,'c8e8ac48-ec64-4eb1-b274-ae813b5f5f9b','2022-05-15 14:02:55'),(1198,19,'e42fe0b1-e98d-44b7-8ce8-f7fdb02492be','2022-05-15 09:49:44'),(1198,813,'3950361e-1872-48f8-891c-68561698bb22','2022-05-16 13:08:24'),(1198,814,'1d9416a7-f40e-42c4-ac0e-21830e89ca57','2022-05-14 19:03:47'),(1198,1079,'cdb93329-2b11-4d1f-8115-d033b2dfd4ee','2022-05-16 02:08:36'),(1198,3190,'0536a7c3-668c-495a-8296-7c3eb277a17d','2022-05-16 04:15:35'),(1198,4504,'3169aa58-58dc-46b5-b115-ba5b00f7dd3c','2022-05-17 06:29:26'),(1198,5012,'f3ed89e3-8fab-49ec-8c58-f3b4864117c4','2022-05-16 16:22:19'),(1198,5279,'549307d2-15c5-490a-8e3e-453dabc7d102','2022-05-19 06:26:03'),(1199,1,'837b03cc-0390-4828-89bc-f26286666554','2022-05-16 14:27:18'),(1199,4,'856acbe2-f60d-4d29-9c09-faed654321a9','2022-05-19 06:39:46'),(1199,11,'bc6a24c6-0c67-4eb3-b5a1-dbf0af979c8a','2022-05-15 14:06:15'),(1199,16,'fe0e0532-3cca-48fb-9d4d-cb645f9fcaa6','2022-05-15 09:59:54'),(1199,814,'e1662fb8-63e7-44c0-9f32-5bac5ac51ea5','2022-05-14 19:04:55'),(1199,1079,'7250081e-4146-4daa-80d0-23d25bb07a7a','2022-05-16 02:18:06'),(1199,3190,'d0dd56c7-9c49-44d0-a616-8e67c9d621fc','2022-05-16 06:53:27'),(1199,4504,'f8c472a9-7d2e-4a52-aa65-9bfd66a72fb2','2022-05-16 17:58:27'),(1199,5012,'308bab8e-714b-4bbf-8d2b-3963ba0cd132','2022-05-17 13:48:15'),(1200,1,'693eb6d5-e437-47f0-8c02-f6bdd6d9dfc1','2022-05-17 08:16:43'),(1200,11,'70e1117e-de5e-4ce0-8b9c-6c54c745176d','2022-05-15 14:05:08'),(1200,18,'250c55bd-f265-4046-a8e9-61fce8cba97b','2022-05-15 09:55:12'),(1200,813,'4d8efd2e-b731-4f1d-858f-b3867515679c','2022-05-19 06:05:58'),(1200,814,'ba1a5d0f-c676-47e9-b5ca-d97f385df2ef','2022-05-14 19:04:55'),(1200,1079,'36d9ed0e-9036-4221-8d6f-3f0e43c5e8f3','2022-05-16 02:11:11'),(1200,3190,'d90e4571-4e8f-4beb-8c98-f58449b3fb3c','2022-05-16 04:17:38'),(1200,4504,'efb7cd1d-acae-4780-8153-19a34732b7ad','2022-05-16 13:19:17'),(1200,5012,'71f7c0d9-03e9-44ef-910c-7a8c10209ecd','2022-05-16 16:28:15'),(1603,1,'52a90af8-53d1-4526-8235-d98fa6f326b3','2022-05-19 08:39:06'),(1603,2,'d8069e8d-9855-45aa-b23e-8c971593efd8','2022-05-17 01:10:52'),(1603,6,'25a19baf-1d7d-4817-aa1f-9fde765c9755','2022-05-15 10:09:52'),(1603,11,'23d9e19f-6a7f-496e-93b0-32a5a198539a','2022-05-17 16:39:30'),(1603,17,'f980c45b-abf9-45fa-9b63-ee06a64e3d4e','2022-05-16 02:24:45'),(1603,814,'2f98c9a5-afe2-463f-9efe-a624fb6544da','2022-05-15 05:45:28'),(1603,1079,'c748fcc5-d598-4daf-acef-d23f187ee981','2022-05-15 14:59:44'),(1603,3190,'01b47886-d572-407a-9298-27dc6503f1f0','2022-05-16 07:09:46'),(1603,4504,'a4bd3646-51fa-44a7-a517-007333bc46e5','2022-05-16 14:58:39'),(1603,5012,'c9f952e4-e653-484d-b06f-72900b847850','2022-05-20 09:27:00'),(1604,11,'30189c05-6347-4865-8427-a45fdd07c0b1','2022-05-15 10:12:41'),(1604,814,'546e7090-06a3-404c-95a7-d6286106f9f7','2022-05-15 05:45:28'),(1604,1079,'95b992ec-3948-4cbe-a04a-0f82108461d8','2022-05-15 15:00:33'),(1604,3188,'e695c30b-9644-4369-b178-f7352e3278b6','2022-05-18 07:29:32'),(1604,3189,'2b1f6e2c-2a37-4cb9-9bc2-f62b0329b96e','2022-05-16 02:31:52'),(1604,3190,'48de86ed-e62a-4ce0-8577-9afb3ee47cd8','2022-05-16 07:11:47'),(1604,4504,'78fe7bf6-bc9b-4659-9cf9-7f91d40bd57b','2022-05-16 15:02:36'),(1604,5012,'d5795ebb-75e6-407f-bbc0-c0eaac54fc71','2022-05-17 01:16:50'),(1605,11,'d33c1d6a-48d7-4c33-a4b1-a8ae607be2e6','2022-05-15 10:13:10'),(1605,814,'0bbdee97-045d-4791-a204-e33be790b91a','2022-05-15 05:47:53'),(1605,1079,'bed0efa6-8d4b-4725-8ba6-5e3fb7e9ad8d','2022-05-15 15:06:17'),(1605,3188,'9a6e7fa4-54cc-4f5d-a6c3-bdb3c9f599e1','2022-05-18 07:31:19'),(1605,3189,'ebd2c26e-cf9d-4292-ae32-263e2c153eae','2022-05-16 02:32:11'),(1605,3190,'75891ffd-f80a-46fb-bc51-a4d9371e1b70','2022-05-16 07:19:40'),(1605,4504,'22ba6706-3c53-432d-8a49-be87fcb91e59','2022-05-16 15:13:01'),(1605,5012,'6c74bf58-9a77-45f1-a14a-afb71553e8cf','2022-05-17 01:52:48'),(1606,11,'26fe9601-2469-487e-b18e-57190ba64446','2022-05-18 02:03:54'),(1606,12,'01096598-a64e-472d-ba87-f0d8be83d95e','2022-05-15 10:14:21'),(1606,814,'01731d54-d2e4-4a73-b89d-4b14d1d033c0','2022-05-15 05:47:53'),(1606,1079,'b4165c9c-85d6-4afd-917c-426f686d8c49','2022-05-15 15:10:36'),(1606,3189,'04bfcd43-eab0-4b2e-a668-064994cc88ae','2022-05-16 02:32:35'),(1606,3190,'2111f542-7e78-42c4-91d9-e38d653a0c7a','2022-05-16 07:26:23'),(1606,4504,'d360272f-226f-420b-a2a3-3cdcc0515f46','2022-05-16 15:13:24'),(1606,5012,'33b294cb-42e7-4bd8-a172-4cac04f94e05','2022-05-17 05:09:14'),(1607,1,'2dbd6551-a28c-4134-a93b-5514e6d9fff3','2022-05-17 09:10:18'),(1607,11,'bd9f6c11-fe31-481a-ad09-6b2cfe8288ee','2022-05-16 15:14:10'),(1607,12,'a15f196a-5e4f-4f4c-9c0a-57c34c130c6e','2022-05-15 10:15:30'),(1607,813,'36b1974c-164d-4112-9420-b19877420700','2022-05-19 06:08:57'),(1607,814,'afd965bb-a7c5-44fd-85af-f07400258a0b','2022-05-15 05:47:53'),(1607,1079,'db155a31-cf68-4fad-9461-a9d48c587622','2022-05-15 15:17:06'),(1607,3189,'f1f27145-9309-424b-93cd-0fe951f85f97','2022-05-16 02:33:01'),(1607,3190,'f6d76683-ef8a-48d6-adee-f1654fcf7cae','2022-05-16 07:36:14'),(1607,4504,'2c14f110-fa8a-4cbf-83ab-24431cf389cf','2022-05-16 17:59:16'),(1607,5012,'3be9b765-66d1-401d-9364-d15e2c0b3565','2022-05-20 07:19:50'),(1608,2,'c2af4c29-ea5d-41a8-8554-128698daa74d','2022-05-17 05:27:37'),(1608,4,'433467fb-377d-461b-b033-a822eb488fde','2022-05-18 15:07:29'),(1608,13,'2996f8fd-b82e-4732-8096-1c2d64107199','2022-05-15 10:16:28'),(1608,814,'effb327b-4171-4065-8fa4-0560b822f37d','2022-05-15 05:47:53'),(1608,1079,'dadeeca7-52f1-44cc-8cb5-f579acd3e072','2022-05-15 16:40:30'),(1608,3190,'c0911b43-af97-4a56-9c56-03cd2d33fd6f','2022-05-16 02:50:24'),(1608,4504,'7cdb8a6e-e0f6-42dc-9606-8e3db6d68bcd','2022-05-16 08:46:30'),(1608,5012,'76626d96-08f5-4dd0-9f6d-0a9e9d5bdbcb','2022-05-16 15:48:08'),(1609,13,'06f49d87-61a6-44d0-bbfd-822b40246190','2022-05-15 10:16:51'),(1609,813,'df03d2be-15b8-40eb-941e-1eab056cf589','2022-05-19 05:05:24'),(1609,814,'c60284e9-2c33-4ab0-88dd-92d867a5ad77','2022-05-15 05:48:00'),(1609,1079,'3d893470-4b76-42f0-b1e8-88e51a22196f','2022-05-15 18:59:26'),(1609,3190,'ea975e3a-fbd5-4322-993a-9bf0d22b11a0','2022-05-16 03:02:48'),(1609,4504,'6393d6f4-9df7-4cf4-8026-325d87bf543b','2022-05-16 08:48:30'),(1609,5012,'bef5229d-e064-4fee-be79-7140b74f0de6','2022-05-16 15:51:20'),(1609,5551,'1d7ffc00-04f6-4fad-ab60-08a90cce626f','2022-05-17 05:30:49'),(1611,11,'fc2f2aaa-eaba-4a1d-9a80-206772134182','2022-05-16 15:15:22'),(1611,13,'031bb6be-801a-4aa1-b197-7d3b688b3a3e','2022-05-15 10:18:46'),(1611,814,'862248dd-33cc-4c26-9d08-f1d3c3016d96','2022-05-15 05:48:00'),(1611,1079,'bd787ef8-70ad-4bbf-9178-14950f1aa490','2022-05-15 18:59:50'),(1611,3189,'2abfc3ee-9554-4404-83b0-715be1c419ba','2022-05-18 07:27:07'),(1611,3190,'0a019875-3eac-40ec-8329-ea9ed6d087f0','2022-05-16 03:06:54'),(1611,4504,'91194584-1389-45e6-99d6-30d094037c87','2022-05-16 09:17:10'),(1611,5012,'c21621d2-2fed-4d6c-b6da-f14063b5acbe','2022-05-17 01:53:09'),(1612,11,'d9e86c97-31f1-4601-adb5-d5e5961af1f0','2022-05-16 15:15:46'),(1612,13,'b6f38443-c3a7-4a06-a056-10aa0879733f','2022-05-15 10:18:46'),(1612,814,'7a3781da-7bab-42af-a4a7-bf19ae476825','2022-05-15 05:48:09'),(1612,1079,'1708e566-d763-4a9e-af9a-9d39664bb8d7','2022-05-15 19:06:38'),(1612,3189,'d9b05186-3672-44a2-bef0-4977755822d5','2022-05-18 07:28:38'),(1612,3190,'782aad05-8a58-498a-8bfd-78a89d978cc7','2022-05-16 03:15:55'),(1612,4504,'4ed5d9ee-9188-445d-bec4-973793d4ca9b','2022-05-16 09:19:23'),(1612,5012,'56e14b61-af6a-4df4-83e1-2bf1f4b5ec58','2022-05-17 01:53:38'),(1613,11,'97466e8b-b14f-44c7-9741-cda0a3b55301','2022-05-16 15:15:57'),(1613,13,'62b92d07-5f08-4258-90a1-97e4c149c08c','2022-05-15 10:18:47'),(1613,813,'ed454681-a10c-46fe-92ef-3388fe6f126a','2022-05-18 07:47:59'),(1613,814,'243e4ab8-4608-4f32-b440-25efc21f9251','2022-05-15 05:48:09'),(1613,1079,'3acc8bf7-35f0-46da-85bb-bce665053f7d','2022-05-15 19:37:57'),(1613,3190,'4f8b2ec9-a452-417c-89ac-fd2217cdd7b0','2022-05-16 03:16:30'),(1613,4504,'bff49623-b85d-4613-b8ac-4ca9bdf0d1ea','2022-05-16 09:20:13'),(1613,5012,'670169b6-f07e-41c2-a02b-3275e5d634a2','2022-05-17 01:53:53'),(1614,11,'b54a3b1a-c75f-4794-9f3e-d219755a10b7','2022-05-16 15:16:09'),(1614,13,'e110800e-2563-4b0c-b8e0-4bab2fb806ae','2022-05-15 10:18:47'),(1614,813,'692e623f-e486-4012-8242-b0c5c64e1224','2022-05-18 07:49:22'),(1614,814,'e640fc8c-58e6-4964-9406-72c6df4fc28b','2022-05-15 05:52:17'),(1614,1079,'04442e6b-a5c1-4a1b-b001-c80841d5a6d5','2022-05-15 19:47:33'),(1614,3190,'3a268813-8e7c-40a4-9e34-adbe4f7aedaf','2022-05-16 03:16:53'),(1614,4504,'a491d534-260d-4311-bccc-f7f4ed72d2f2','2022-05-16 09:21:57'),(1614,5012,'0ba5f9b7-276c-4db1-94dd-add7886194b3','2022-05-17 02:29:17'),(1615,2,'8565946c-7865-4436-ae2c-413167817053','2022-05-17 02:45:24'),(1615,11,'63677251-7104-45e2-8883-421ecc2f3ec4','2022-05-16 15:17:09'),(1615,13,'fd3c79e5-2497-4cae-8f45-9717f3ad470b','2022-05-15 10:19:02'),(1615,814,'c94ac49b-7967-4e64-bbbc-f03bbe24e260','2022-05-15 06:06:22'),(1615,1079,'83d4cb1e-cd45-4c13-a1f1-60d4d750eae1','2022-05-15 20:07:56'),(1615,3190,'fe069988-be20-432b-a77c-16920522ab0e','2022-05-16 03:56:13'),(1615,4504,'56649c76-efc8-48e0-b4d7-eb854f3f1f2e','2022-05-16 09:34:28'),(1615,5012,'f46cc567-765b-4589-92f5-061e86887c65','2022-05-18 12:46:36'),(1616,1,'1d999085-ebfc-4a07-9857-74afe8d0556a','2022-05-16 18:38:43'),(1616,2,'a01764e5-a07a-4afe-9230-74e56907339c','2022-05-19 07:00:19'),(1616,16,'522eb9cf-d16f-4f66-9d89-324b06b854a5','2022-05-15 10:01:00'),(1616,20,'3d980433-656a-4b43-a2bd-82e4b3bb42e3','2022-05-16 02:22:42'),(1616,814,'b45624bc-80e2-4f0a-964d-803d85f782ee','2022-05-15 06:21:31'),(1616,1079,'9fd09ff5-aa2c-4cd9-ab52-f0a76a49bbab','2022-05-15 14:56:11'),(1616,3190,'013efec2-0f14-41ec-905f-eaa6d19c9b24','2022-05-16 07:03:46'),(1616,4504,'d06705c2-0beb-4fb3-938b-3d3b9da55aa3','2022-05-16 14:56:00'),(1616,5012,'7e46fb1a-5ade-4a31-b5e7-7019c3ce05a2','2022-05-20 07:21:13'),(1616,6552,'86ce494f-189f-4f6b-b4fd-e086e45cab76','2022-05-17 14:24:03'),(1617,11,'e17994ec-c822-49b4-9296-37fcd236da02','2022-05-16 15:17:03'),(1617,13,'c99aaea6-3fa4-4aad-8551-da2e11e84461','2022-05-15 10:18:49'),(1617,814,'136ccc6e-e91d-450a-aae0-c3269cca0fa3','2022-05-15 06:21:31'),(1617,1079,'f6da9dfd-1371-4bd6-9960-eefa177abb44','2022-05-15 19:49:59'),(1617,3186,'3ce00bdd-0a35-4fb7-bd4a-dfcc32617929','2022-05-18 09:00:38'),(1617,3190,'13ab1172-f122-4a26-a1a5-5ac76001f6ac','2022-05-16 03:55:05'),(1617,4504,'bb23978e-c8d9-458b-b714-6d1dd0e91d6e','2022-05-16 09:24:27'),(1617,5012,'a454633e-02c3-443f-8149-4ce2760433ea','2022-05-17 02:29:37'),(1618,11,'7e2d5ecb-9f62-41ae-97bc-68440b6eaaf1','2022-05-16 09:34:39'),(1618,13,'a105948d-f7dd-45ac-a48f-c8a4ba5849d6','2022-05-15 10:19:03'),(1618,814,'8bdc1a1e-96fc-4890-97b9-1bb87ef4b5da','2022-05-15 06:26:00'),(1618,1079,'3515db31-c5c7-456b-9629-86d3a2aa7101','2022-05-15 20:11:53'),(1618,3190,'ef267a60-ab1c-4291-84f1-3faebd1b3f50','2022-05-16 03:57:06'),(1618,4504,'925cb10b-c983-4bed-b1d5-591f29b19887','2022-05-16 15:19:20'),(1618,5012,'8ba0d26a-aac0-4fa8-8548-935dcd8a1ffe','2022-05-17 05:09:44'),(1618,6552,'2637afa1-1083-4998-8f49-f11108948f69','2022-05-18 13:24:16'),(1619,11,'4b6c6308-94e7-4697-b423-dc8d37d3dcbf','2022-05-16 09:35:50'),(1619,13,'f040a66f-553a-4167-9d5f-98355d823e14','2022-05-15 10:19:04'),(1619,814,'f7154e78-4040-4cff-9700-5eaa86fd7439','2022-05-15 06:26:00'),(1619,1079,'95d2e36c-4e68-44b5-9948-c589102f1679','2022-05-16 00:19:52'),(1619,3190,'2f0f6377-fb4e-4ede-9984-2a5cf9a7ff57','2022-05-16 03:57:39'),(1619,4504,'789ebbcc-1a24-41fc-b0c7-c6ec870e6dec','2022-05-16 15:26:21'),(1619,5012,'e21c88fa-0e97-4047-9dc9-cde38b290b40','2022-05-17 05:13:03'),(1619,6552,'1f642504-607d-4ab5-b936-a7715747624d','2022-05-18 13:57:33'),(1620,11,'43f67dc8-3b6f-439a-b9d0-fa0fc6d9ec41','2022-05-16 09:36:08'),(1620,13,'d12c36fd-b2e5-41c7-b9ec-9a92b3666199','2022-05-15 10:19:05'),(1620,814,'0be37337-32cc-4a37-9cb1-90aa9fbb45a1','2022-05-15 06:30:00'),(1620,1079,'65093dca-bfff-43a5-96e3-8b579c56561b','2022-05-16 00:27:38'),(1620,3190,'5a6d4627-5bae-4fea-8224-55bd67337cc1','2022-05-16 03:58:58'),(1620,4504,'66e8cc17-2de4-4c26-b85b-7e9671d4e38f','2022-05-16 15:31:20'),(1620,5012,'20f06487-a616-49d2-8a14-89ca226ad4f7','2022-05-17 05:19:33'),(1620,6552,'33a06888-f79e-4957-8e15-939dff622428','2022-05-18 14:02:28'),(1622,2,'d9cd41ac-5c39-4df2-b069-bb2202277351','2022-05-17 18:50:37'),(1622,11,'ebf71bac-3afe-4fd3-af9e-6bc82307c6b6','2022-05-16 09:36:40'),(1622,13,'8e57fee2-c7ef-43eb-a585-b4f14e07cea0','2022-05-15 10:19:07'),(1622,814,'a3149630-0514-4e11-a55f-d377c9f27c97','2022-05-15 06:34:54'),(1622,1079,'ded1f482-f411-4a9c-9ce8-90e326777544','2022-05-16 00:28:57'),(1622,3190,'fa569559-579e-4426-9f4b-25a5580fe2df','2022-05-16 04:00:50'),(1622,4504,'b9fa03a3-0441-4439-98ce-d7a2b35b6d09','2022-05-16 18:47:38'),(1622,5012,'9d756dd8-6374-43b2-a741-e33e5100491b','2022-05-16 15:56:50'),(1622,7942,'643e105c-d8f9-4878-85c0-dc24932d64de','2022-05-20 11:10:35'),(1623,11,'768adf83-63b6-4e49-82db-ea5f8408716f','2022-05-16 10:33:07'),(1623,13,'e5412682-a479-4413-8ae8-137ac5e13800','2022-05-15 10:19:10'),(1623,814,'d09b3d95-8aae-4cff-add0-430bf1c5d78c','2022-05-15 06:36:03'),(1623,1079,'4e8cdd3d-22ff-4e69-8087-56a333419778','2022-05-16 00:30:59'),(1623,3186,'b001029d-7ea0-4d58-afe7-386977346809','2022-05-17 19:37:22'),(1623,3190,'82680a73-f549-45d9-a932-3c7021425efc','2022-05-16 04:01:43'),(1623,4504,'da2535a8-c0ea-4877-b083-ae07210d17b5','2022-05-16 18:49:51'),(1623,5012,'5e6031b0-79f2-4157-9c70-7064d2100be5','2022-05-16 15:59:44'),(1624,1,'a7a420b9-895f-4934-82c6-ac7f61d54d22','2022-05-16 02:14:13'),(1624,2,'f3c8e69b-bf36-4fc7-95c4-3c88c5d176ae','2022-05-19 11:00:46'),(1624,11,'433c026e-565b-4f39-bbf8-4d91de5809e9','2022-05-17 16:21:29'),(1624,14,'4690768b-ddaf-4f4c-a056-a7436ab216e3','2022-05-15 07:25:57'),(1624,814,'cf2fb6ae-2948-4639-80ae-bf1527a1fc78','2022-05-15 09:35:26'),(1624,1079,'94f6f750-14fb-43df-ba13-341f1a28cf53','2022-05-15 12:55:59'),(1624,3190,'9b3f3b69-25d3-4305-a272-337a2a44fa57','2022-05-16 04:41:20'),(1624,4504,'6f59f6d1-07e9-4772-a191-42e7cd5451af','2022-05-16 14:43:53'),(1624,5012,'00680470-680f-440c-98d4-4c615c0b441f','2022-05-16 23:58:59'),(1625,1,'6d6434e6-8ef4-4532-98b0-1338d23e8daa','2022-05-15 07:26:32'),(1625,7,'421b12cc-08ef-450a-9882-f410d254a08e','2022-05-16 02:17:32'),(1625,11,'cf626dbd-2d50-46b5-b818-fc2c7fb27aef','2022-05-17 16:23:02'),(1625,814,'c9876708-e707-4f97-bf49-984e9aec2666','2022-05-15 09:31:27'),(1625,1079,'aaa6b33a-f9f1-4a2a-9061-911c11886730','2022-05-15 12:00:23'),(1625,3187,'7ed1e67d-9739-46d7-a573-c857d3e9a138','2022-05-19 12:08:09'),(1625,3190,'584b6f02-98c1-447f-be03-f60cc7bbf835','2022-05-16 06:54:31'),(1625,4504,'35685e8d-115a-42da-b143-68462cd20087','2022-05-16 14:52:59'),(1625,5012,'989cef6c-160b-4b04-8e40-b17cb130aa22','2022-05-17 00:29:56'),(1629,1,'011445b5-2567-4040-afc7-8d97b5ab70e6','2022-05-15 07:41:22'),(1629,11,'a5e76a5b-9208-446a-a221-5e641a0277bd','2022-05-16 12:58:50'),(1629,13,'a21ee830-bcc3-42e9-81ad-4f3f0731a8c1','2022-05-15 13:31:48'),(1629,814,'b0846ab2-b222-4110-9c7d-d30b1a3449ff','2022-05-15 09:37:19'),(1629,1079,'84819512-031a-4614-b75e-ebe7590d6d75','2022-05-16 01:08:45'),(1629,3187,'af90f6fd-5285-442c-ad1e-22083191993e','2022-05-19 12:58:57'),(1629,3190,'37c29a88-ec31-4741-8ccc-5232a16d113d','2022-05-16 04:08:50'),(1629,4504,'32bfcf6d-e080-42cf-9933-1fbdd67b5760','2022-05-17 16:57:23'),(1629,5012,'69c5a290-252b-49d1-b2de-c40fcbe1b4ae','2022-05-16 16:07:29'),(1629,5551,'7c2a342f-3d6c-48e6-aec5-e799ee14f7e1','2022-05-17 05:31:32'),(1630,1,'ffe647e0-a06e-4f67-b725-f383806b1d10','2022-05-19 08:40:58'),(1630,11,'da039e21-b53b-40a0-b8b8-c8b4710dbc8b','2022-05-17 16:40:13'),(1630,13,'26822644-b924-4600-a7ef-30be9c69fd33','2022-05-15 10:19:16'),(1630,14,'aa978224-0463-4ae3-9f5b-98d1996533d2','2022-05-15 07:41:31'),(1630,814,'704c1301-fb67-432e-a6b4-c5b34046e207','2022-05-15 23:41:31'),(1630,1079,'ed62356b-637f-4bd9-8f48-47fee81dcb53','2022-05-16 02:26:54'),(1630,3187,'c3bc8876-82a0-43e0-ad8f-5c1ff7d243e0','2022-05-19 14:21:59'),(1630,3190,'0769930e-608c-45c7-9832-4f24ae80a13b','2022-05-16 07:10:15'),(1630,4504,'f95b02a4-cbc3-486a-b473-3cb8222df151','2022-05-16 14:58:39'),(1630,5012,'d0a9bb10-635d-4a62-b9c7-2782fdf83001','2022-05-17 01:12:40'),(1631,2,'83fae459-5b5a-421c-b59a-21fb392357b8','2022-05-15 07:42:42'),(1631,11,'6f5c5dee-439f-48ea-848e-6520d2642087','2022-05-16 12:59:14'),(1631,13,'07581afb-42c7-4ff5-b395-6e4755fcc226','2022-05-15 13:44:25'),(1631,814,'d89a3311-2fba-449a-8467-615b6f8b426c','2022-05-15 09:44:23'),(1631,1079,'876c482d-410c-4407-8be3-9d8716f571fb','2022-05-16 01:27:43'),(1631,3187,'9bb503a9-b24a-4034-9f43-87b94a8ec0d5','2022-05-19 13:02:10'),(1631,3190,'d4bcc3aa-ee78-416a-91aa-04d91929e90a','2022-05-16 04:10:24'),(1631,4504,'ddb5c149-c3ca-4533-8d69-44216bc1cbe5','2022-05-17 16:59:21'),(1631,5012,'55efac6a-7c3e-4dde-ae8e-a149d5b00178','2022-05-16 16:08:08'),(1631,5551,'88adb909-bf19-4aaa-aaec-69e869c5ec54','2022-05-17 05:31:32'),(1632,1,'34f233cb-1e12-4b03-a724-e0e4bcefe4d0','2022-05-16 17:57:20'),(1632,2,'0d17e635-7eb2-4ebd-9300-77b9bda3fdaf','2022-05-15 07:43:18'),(1632,20,'c4a81a93-7d88-4c0e-9958-5d733e185c37','2022-05-16 02:22:10'),(1632,814,'6b9fa0f7-8ab7-4606-a530-a3c3b1ef9226','2022-05-15 09:45:52'),(1632,1079,'7cf72bf5-46ef-48aa-823a-c428c19f546c','2022-05-15 13:45:06'),(1632,3187,'a7192ebd-74d8-48c9-a09f-6b11d44a2f8e','2022-05-19 07:44:22'),(1632,3190,'653940dd-9c4e-4454-a4ee-0e828e482d88','2022-05-16 07:01:08'),(1632,4504,'88d62eec-d681-40f2-87f4-ce764ec5a098','2022-05-16 14:55:02'),(1632,5012,'3ace59ad-a9bc-48e3-8c9c-b42c7d70b15c','2022-05-17 13:46:43'),(1633,1,'08f7d3e8-9848-4e95-8a9e-6ba377bf2beb','2022-05-19 08:37:46'),(1633,2,'b6a00fdc-f0b5-4aeb-868a-a6d1a3c3ced3','2022-05-17 01:10:02'),(1633,3,'290a7d49-f7af-4be9-a0b3-580c222a6ebe','2022-05-15 07:44:17'),(1633,11,'39ea9608-5042-4331-9ccb-d4f14ac64f67','2022-05-17 16:36:39'),(1633,17,'0749d04e-d126-4774-aea6-a8d69bfe9e7f','2022-05-16 02:24:20'),(1633,814,'07f94644-4e22-4197-bc4e-2b7f618bc254','2022-05-15 10:11:08'),(1633,1079,'0411694f-3bb4-4054-baec-ac21424f5eba','2022-05-15 14:58:03'),(1633,3190,'77cb0d54-8309-4059-94d9-f7ef0d0ec304','2022-05-16 07:09:15'),(1633,4504,'0551c455-09eb-4ba8-8bcb-dc4278151082','2022-05-16 14:58:10'),(1633,5012,'e93fae57-4b92-49b5-bdce-18d24ee3c919','2022-05-20 09:23:23'),(4784,1,'be7c0e7e-4df3-4261-8340-4f0d4be4a423','2022-05-16 17:32:18'),(4784,814,'bb5e6e18-31d3-48a8-a07f-1ccf7e863a9c','2022-05-16 14:06:11'),(4784,1079,'f4d94fcf-db16-49b0-ba7a-2cb8dad340b6','2022-05-16 02:31:05'),(4784,3190,'3259d75c-4f53-4a6a-bcad-829e85db3597','2022-05-16 07:52:01'),(4784,4504,'19d9ef22-da36-45db-8b33-c1a25768dd23','2022-05-17 06:30:17'),(4785,1,'1fa2e316-53bc-454c-abfb-70429d91374d','2022-05-16 17:47:03'),(4785,814,'2b965600-18be-4a6b-8031-6b8c19153f07','2022-05-16 14:29:30'),(4785,1079,'6423d4fb-f32e-4cd1-b759-eed609f1970b','2022-05-16 02:47:11'),(4785,3190,'045703fd-066a-49a2-bd94-1e4ee58c6c3e','2022-05-16 07:53:58'),(4785,4504,'5c36d5dd-29e2-410f-b498-f8ca43ee2f27','2022-05-17 06:43:27'),(4786,1,'d683774a-1562-40df-ac80-f60629bc4f71','2022-05-17 15:23:04'),(4786,2,'a6830bc3-1b69-4125-8a4f-4df388af46e6','2022-05-19 09:07:51'),(4786,814,'f4aa6e94-036e-49f6-ba88-cbefcae04598','2022-05-16 13:00:45'),(4786,1079,'2f91a9e7-a1ea-405f-981b-25e8496f9008','2022-05-16 15:46:26'),(4786,4504,'73ca294d-f7ec-4ed1-8de9-6e72749bdd31','2022-05-16 18:47:22'),(4786,5012,'ac8835b4-5cae-4cfa-b7dc-c9b44193be66','2022-05-20 09:53:09'),(6749,11,'9c0fc1bd-26eb-439d-94a5-697db426bd78','2022-05-18 04:36:49'),(6749,814,'4563188e-f0f8-477c-8c62-adfd9b80f9d9','2022-05-16 14:31:14'),(6749,1079,'aacfe5df-2741-46bc-a354-bcf3e705191a','2022-05-16 13:03:12'),(6749,3190,'04242eef-958d-41d1-bd35-de06676e02ce','2022-05-16 17:03:13'),(6749,4504,'44ffd80b-70df-4ddc-8090-180d1e935602','2022-05-16 09:38:13'),(6749,5012,'392c4e45-17ad-4913-92ff-9e17753f5714','2022-05-17 05:28:55'),(6750,11,'82652e14-46fb-44cd-8357-661847b88505','2022-05-18 02:13:36'),(6750,814,'d3546085-c8aa-427f-95c8-5885aa3a54c3','2022-05-16 14:31:05'),(6750,1079,'229b2dd2-f24b-4b1a-a6e5-8e171eb2bead','2022-05-16 13:02:50'),(6750,3190,'b3760e06-041b-46a1-bb32-a312ddc6f7d6','2022-05-16 16:55:57'),(6750,5012,'84d7b839-0b2a-403d-9308-d8aa2258c1a0','2022-05-17 05:27:57'),(6751,814,'b2a6cf31-22eb-4466-aaee-0b8cd47768a5','2022-05-16 14:31:40'),(6751,1079,'fbdb6240-620c-47ce-927e-c3e2ae7c3a8d','2022-05-16 15:46:48'),(6751,3190,'3c8fb3c1-d1c0-4c9e-8e79-7563028f4b41','2022-05-16 17:11:12'),(6751,4504,'637d1304-7c45-46d7-93f2-b5c4fc93e2d3','2022-05-17 17:01:18'),(6751,5012,'d3f2755f-61f2-4035-8cd1-7d6e1df684a2','2022-05-17 05:31:27'),(6752,814,'7bd0e559-b889-4c27-bd28-ea2719c7ad3f','2022-05-16 14:41:09'),(6752,1079,'af020abb-02ad-4f30-84f6-628c0040cba5','2022-05-16 15:47:07'),(6752,3190,'d7d62675-75f1-4825-9532-8ab8841417a0','2022-05-16 17:15:50'),(6752,4504,'a452b959-44a0-40c2-8d2c-2427f4d5d924','2022-05-17 06:30:01'),(6752,5012,'fbb7a786-b133-41fa-a382-c49dd65c5aad','2022-05-18 12:47:33'),(7526,814,'e587b236-4d4d-422f-aa2a-f3a86d4b6a45','2022-05-17 16:17:21'),(7526,1079,'daca8b3b-fe2e-43dc-8d7e-a6ca92332b12','2022-05-16 17:24:00'),(7526,3190,'1c33c823-2aa3-4851-9728-08a8b271a2d1','2022-05-16 17:46:31'),(7526,4504,'7e86747a-0dfc-43bb-83df-e1255c8dd4f7','2022-05-17 06:34:59'),(7929,814,'bd6d4fd9-1e3b-4d1e-a99e-0d3d7f723413','2022-05-18 14:09:51'),(7929,5551,'10898375-6d6c-49a8-8ecd-6195456aa556','2022-05-17 14:48:45'),(7930,814,'99902aea-6dd6-4c2d-a18f-826c102175c6','2022-05-17 16:18:56'),(7930,4504,'844d0250-dc83-4a88-9050-61018869d1e0','2022-05-17 06:44:18'),(7931,814,'0e9edc79-3e25-4624-b12e-06de1a874bf4','2022-05-17 16:19:56'),(7931,4504,'5c0925cf-00d3-407d-833c-44874e3541ed','2022-05-17 06:52:44'),(7932,814,'bf67acf6-1cd9-42d8-b392-0696c5701caf','2022-05-17 16:04:31'),(7933,814,'4eced075-689f-4c20-b385-d7b2f876f99e','2022-05-17 16:06:45'),(8342,814,'885ba7d4-e25d-4837-a63c-95d885f99675','2022-05-17 16:12:29'),(8342,4504,'67b7523e-f081-4865-92e0-875b8aab6e36','2022-05-18 15:10:15'),(9874,814,'b0d1af30-b63f-4f0e-bd68-2ca7674872b7','2022-05-17 16:42:11'),(9874,4504,'8a73429b-cc97-4b74-92c9-cac1619fb988','2022-05-18 15:11:25'),(9874,5012,'28b15d25-2978-4832-967f-3cb857e729d4','2022-05-20 07:17:41'),(9875,814,'8aa5d6e8-8d5e-409a-9e70-f7b6037c88c3','2022-05-17 16:52:54'),(9875,3187,'56c18253-a69d-46bb-8ec6-4a8541b2077a','2022-05-20 00:41:01'),(9875,4504,'9ca68fb1-f19e-4a2f-bd7e-be072d622cd8','2022-05-18 15:45:47'),(9875,5012,'e947338c-8894-4600-bbd6-daa4c4906fad','2022-05-20 09:54:53'),(9876,11,'4e738494-32a1-4da3-bdc5-de9caf4ae99c','2022-05-19 10:59:08'),(9876,4504,'57ff343d-9e3c-4bd2-a411-2e6a9560c92e','2022-05-17 17:07:36'),(9876,5012,'77eb2f25-0fc9-4bd4-b62a-0a56f2f258b4','2022-05-20 09:54:28'),(9878,814,'3d77df11-b5d2-40b7-96db-db660195ef88','2022-05-20 06:51:30'),(9878,4504,'e9d6ec7b-7170-403a-80a8-c423f5830086','2022-05-17 17:42:01'),(9878,5012,'98a31e3a-3522-4be6-9028-03799c08c75b','2022-05-20 10:04:38'),(9882,4504,'2b44c6d8-8068-4c19-8aaa-c352c27227fa','2022-05-20 06:53:22'),(9882,5012,'d886dfa2-ca69-4f4a-87ca-360c6b2860f4','2022-05-20 10:20:12'),(9883,4504,'b79eaa85-f0e6-429c-a4e0-1fdba9752ddc','2022-05-20 06:57:18'),(9883,5012,'e67d59c6-b269-4470-8bbe-48f4be9dd585','2022-05-20 10:20:39'),(9887,4504,'2890170b-700a-4060-992d-47d78faa80e9','2022-05-20 07:08:59'),(9888,4504,'aa2ba257-cc2b-4bad-b982-561e2ea8c47e','2022-05-20 07:15:08'),(9890,5012,'13b9a4fc-8655-4e9f-8f0e-8c39fe6e4b2b','2022-05-20 09:41:29'),(9891,5012,'f24e0fcd-d16c-402b-bdad-6564263b26b5','2022-05-20 09:43:17'),(9898,5012,'cb678a0a-8760-4809-91f0-d377189f57ef','2022-05-20 09:54:46'),(11551,5012,'b4664009-a2d7-43a3-b5a6-44bfb7415a8a','2022-05-20 09:56:44'),(11552,5012,'d5f370f9-aed8-43a9-bb06-833dd2bb5295','2022-05-20 09:59:31');
/*!40000 ALTER TABLE `tb_member_dandelion_history` ENABLE KEYS */;
UNLOCK TABLES;

--
-- Table structure for table `tb_notification`
--

DROP TABLE IF EXISTS `tb_notification`;
/*!40101 SET @saved_cs_client     = @@character_set_client */;
/*!50503 SET character_set_client = utf8mb4 */;
CREATE TABLE `tb_notification` (
  `notification_seq` bigint(20) unsigned NOT NULL AUTO_INCREMENT,
  `created_by` varchar(255) NOT NULL,
  `created_date` timestamp NOT NULL DEFAULT current_timestamp(),
  `last_modified_by` varchar(255) NOT NULL,
  `last_modified_date` timestamp NOT NULL DEFAULT current_timestamp(),
  `is_checked` tinyint(4) NOT NULL,
  `message` varchar(255) NOT NULL,
  `type` varchar(255) NOT NULL,
  `member_seq` bigint(20) unsigned NOT NULL,
  PRIMARY KEY (`notification_seq`),
  KEY `FKiycrxb20vudga0d5jpdk66yoc` (`member_seq`),
  CONSTRAINT `FKiycrxb20vudga0d5jpdk66yoc` FOREIGN KEY (`member_seq`) REFERENCES `tb_member` (`member_seq`)
) ENGINE=InnoDB DEFAULT CHARSET=utf8mb4;
/*!40101 SET character_set_client = @saved_cs_client */;

--
-- Dumping data for table `tb_notification`
--

LOCK TABLES `tb_notification` WRITE;
/*!40000 ALTER TABLE `tb_notification` DISABLE KEYS */;
/*!40000 ALTER TABLE `tb_notification` ENABLE KEYS */;
UNLOCK TABLES;

--
-- Table structure for table `tb_petal`
--

DROP TABLE IF EXISTS `tb_petal`;
/*!40101 SET @saved_cs_client     = @@character_set_client */;
/*!50503 SET character_set_client = utf8mb4 */;
CREATE TABLE `tb_petal` (
  `petal_seq` bigint(20) unsigned NOT NULL AUTO_INCREMENT,
  `created_by` varchar(255) NOT NULL,
  `created_date` timestamp NOT NULL DEFAULT current_timestamp(),
  `last_modified_by` varchar(255) NOT NULL,
  `last_modified_date` timestamp NOT NULL DEFAULT current_timestamp(),
  `image_filename` varchar(255) DEFAULT NULL,
  `is_deleted` tinyint(4) NOT NULL,
  `message` varchar(255) DEFAULT NULL,
  `nation` varchar(255) NOT NULL,
  `dandelion_seq` bigint(20) unsigned NOT NULL,
  `member_seq` bigint(20) unsigned NOT NULL,
  PRIMARY KEY (`petal_seq`),
  KEY `FKi4uphtei3w90tmb27t8ufbpy4` (`dandelion_seq`),
  KEY `FKtgi6akpdtxyr7wg2xck1kg1rl` (`member_seq`),
  CONSTRAINT `FKi4uphtei3w90tmb27t8ufbpy4` FOREIGN KEY (`dandelion_seq`) REFERENCES `tb_dandelion` (`dandelion_seq`),
  CONSTRAINT `FKtgi6akpdtxyr7wg2xck1kg1rl` FOREIGN KEY (`member_seq`) REFERENCES `tb_member` (`member_seq`)
) ENGINE=InnoDB AUTO_INCREMENT=4274 DEFAULT CHARSET=utf8mb4;
/*!40101 SET character_set_client = @saved_cs_client */;

--
-- Dumping data for table `tb_petal`
--

LOCK TABLES `tb_petal` WRITE;
/*!40000 ALTER TABLE `tb_petal` DISABLE KEYS */;
INSERT INTO `tb_petal` VALUES (277,'1e7c84d1-c075-47e5-8c08-ea8e8f6c7b08','2022-05-13 08:36:37','1e7c84d1-c075-47e5-8c08-ea8e8f6c7b08','2022-05-13 08:36:37','a601e651-06ef-457d-bd84-99be0f3c4623.jpeg',0,'초콜릿 과자 추천좀 ㅋㅋ 내 최애는 칙촉임','KOREA',789,1),(279,'f6417a13-d2d9-4edd-a094-1bfc9f3df1f4','2022-05-13 08:45:43','f6417a13-d2d9-4edd-a094-1bfc9f3df1f4','2022-05-13 08:45:43','932d849e-d914-4c9b-a1a7-81a821723f65.jpeg',0,'MLB 역대 최고팀 어디 같음? 나는 다저스 ㅋㅋ','KOREA',793,2),(417,'d2203e39-fc46-4652-85d7-bba879ce0d4a','2022-05-13 09:01:03','d2203e39-fc46-4652-85d7-bba879ce0d4a','2022-05-13 09:01:03',NULL,0,'MLB 역대 최고팀 어디 같음? 나는 다저스 ㅋㅋ','KOREA',1188,2),(419,'1cac8e45-f171-431a-92ea-d45a641bb7fc','2022-05-14 09:31:56','1cac8e45-f171-431a-92ea-d45a641bb7fc','2022-05-14 09:31:56',NULL,0,'비염때매 미치겠다. 수술 하기는 싫은데 낫는 방법 없냐','KOREA',1190,14),(420,'133c45d0-cfb5-4ff9-b3aa-6b7454ba8578','2022-05-14 09:33:07','133c45d0-cfb5-4ff9-b3aa-6b7454ba8578','2022-05-14 09:33:07',NULL,0,'제가 비염수술을 받았는데 그 이후로 코피가 너무 잘나고 잘 안멈춰요... 왜 이런걸까요..','KOREA',1191,14),(421,'dd698ebe-33cf-4e60-bac3-4e26694c0304','2022-05-14 10:10:14','dd698ebe-33cf-4e60-bac3-4e26694c0304','2022-05-14 10:10:14','8cec35d1-cc12-4c46-8ab8-9d26ae672f7f.png',0,'노랗게 민들레 폈다 ㅎㅎ 나중에 씨 불러 와야지~','KOREA',1192,17),(422,'d16ae476-9eb4-40e3-ac32-50d394ef6dc7','2022-05-14 10:46:42','d16ae476-9eb4-40e3-ac32-50d394ef6dc7','2022-05-14 10:46:42','4e9213ac-cde4-4db9-ac65-a9e570f1d499.png',0,'솔직히 민들렛 잘 만든듯 싸피 6기 사람들이 만들었다는데 이정도면 현업 개발자 아니냐','KOREA',1193,17),(423,'1404d5ad-c130-4e33-b204-23dd71126745','2022-05-14 10:51:32','1404d5ad-c130-4e33-b204-23dd71126745','2022-05-14 10:51:32','7d0e5354-bbb8-4517-9767-757aa2263616.png',0,'엘로우 피자라고 먹어보신분 있나요. 지인이 그렇게 맛있다고 추천해주는데 처음 들어봐서 신뢰가 안가네요ㅋㅋㅋ','KOREA',1194,20),(424,'328116fe-390e-49b0-9219-636bb093d4e1','2022-05-14 10:52:21','328116fe-390e-49b0-9219-636bb093d4e1','2022-05-14 10:52:21',NULL,0,'주말에 피자 시켜먹을건데 추천 받는다.','KOREA',1195,20),(425,'089b1ef9-9ec0-4f23-be33-e7053633f978','2022-05-14 10:54:30','089b1ef9-9ec0-4f23-be33-e7053633f978','2022-05-14 10:54:30',NULL,0,'다음주부터 밤마다 산책 가려고 생각중인데 천호동 쪽 산책하기 좋은곳 있나요?? 추천해주세요.','KOREA',1196,19),(426,'c11c271c-815c-477a-8a2a-b0da1391c6a4','2022-05-14 10:56:55','c11c271c-815c-477a-8a2a-b0da1391c6a4','2022-05-14 10:56:55','24575a1f-3d84-4b31-8d3e-b40e2092dc44.png',0,'나이 더 들기전에 몸 한번 만들어보려고 합니다. 6개월 빡세게 해서 돌아올 테니까 그때 보게 응원 좀 해주세요. 제 목표 몸 사진입니다.','KOREA',1197,19),(427,'a342458c-9182-46c6-95ad-c8b9127c99a8','2022-05-14 12:06:45','a342458c-9182-46c6-95ad-c8b9127c99a8','2022-05-14 12:06:45',NULL,0,'유기견 봉사활동 같이 가실분 구합니다. 도와주개냥에서 같이 가실분 신청해주세요.','KOREA',1198,18),(428,'245d2294-e188-4d53-9f47-21df877619f2','2022-05-14 12:07:45','245d2294-e188-4d53-9f47-21df877619f2','2022-05-14 12:07:45',NULL,0,'실습코치되면 기념으로 선착순 3명한테 10만원씩 뿌립니다. 반이랑 이름 적어주세요.','KOREA',1199,18),(429,'2023bb23-e1fc-48aa-974c-f6916750527c','2022-05-14 12:13:22','2023bb23-e1fc-48aa-974c-f6916750527c','2022-05-14 12:13:22','8c860827-4e5f-483c-bd8d-19f1d5efab53.png',0,'아니 요즘에 클릭이 한번씩 안되는거 같은데 마우스가 오래된건가?? 이거 쓰는데 너무 오래됨?','KOREA',1200,16),(576,'84a8b96b-503a-4632-8dff-866b2c0a9b4b','2022-05-15 04:51:50','84a8b96b-503a-4632-8dff-866b2c0a9b4b','2022-05-15 04:51:50',NULL,0,'공무원 시험 준비하러 노량진에 들어갑니다. 연락 다 끊고 죽은 사람처럼 공부만 하려고 합니다. 응원 한번씩 해주세요. 시험 끝나는날 열어보겠습니다.','KOREA',1603,16),(577,'4769a064-7ae0-4f9c-a411-7c0fd188385b','2022-05-15 04:56:34','4769a064-7ae0-4f9c-a411-7c0fd188385b','2022-05-15 04:56:34','74b6ee8f-230c-4c89-89db-3ffe784590bf.png',0,'6월 30일에 생일인데 생일 축하 한번씩 해주세요. 이름은 백강진이고 29번째 생일입니다~','KOREA',1604,15),(578,'9996772e-69ae-4b4c-8801-7ef3f14fa567','2022-05-15 04:59:03','9996772e-69ae-4b4c-8801-7ef3f14fa567','2022-05-15 04:59:03',NULL,0,'6월 23일에 2년 짝사랑 하던 여자애한테 고백할거다. 고백으로 혼내주는거 아니고 진지하게 할거임. 고백 하고 와서 민들레 까본다. 혼자볼수도 있고 둘이 같이 볼수도 있겠지...','KOREA',1605,15),(579,'8c6361b8-779f-497d-b126-698e61668351','2022-05-15 05:16:03','8c6361b8-779f-497d-b126-698e61668351','2022-05-15 05:16:03','fa3f70c5-0bcd-4538-b1a8-dd232ea545c6.png',0,'최근에 쪽팔린 썰 하나씩 남기고 가자. 난 편의점 알바할때인데 손님이 물건 계산대에 내려놓고 \"기다려\" 하시길래 아무생각없이 \"네\" 했는데 바닥에 강아지 있었음 ㅋㅋㅋㅋㅋㅠㅠ','KOREA',1606,13),(580,'b0879b1d-1fc0-45d1-a37d-f8a68208dad5','2022-05-15 05:17:57','b0879b1d-1fc0-45d1-a37d-f8a68208dad5','2022-05-15 05:17:57',NULL,0,'100일 뒤에 전역합니다. 전역하자마자 뭐 하는게 좋을지 남겨주세요. 순서대로 하나씩 다 해보겠습니다.','KOREA',1607,13),(581,'c1693c3b-ded6-4d66-a0c8-a647211efd32','2022-05-15 05:24:17','c1693c3b-ded6-4d66-a0c8-a647211efd32','2022-05-15 05:24:17','87bf77c2-ee23-41f9-b703-2781bbb9a90b.png',0,'롤 하는데 지가 당해놓고 정글탓 하는거 너무 빡친다. 그래서 지나가면서 대포에 강타박음 ㅋ. 또 까불어','KOREA',1608,11),(582,'890f6108-6e89-4eb9-a284-c2e671aca7f2','2022-05-15 05:27:07','890f6108-6e89-4eb9-a284-c2e671aca7f2','2022-05-15 05:27:07','d09c7628-2755-4443-84fc-0c6e5ccae7fc.png',0,'리신 매드무비 봐버렸다. 리신 못참겠음 강의몇개 보려고 하는데 누가 제일 잘하냐.','KOREA',1609,11),(584,'bc7194af-065e-483a-891d-2ba0085aff24','2022-05-15 05:30:23','bc7194af-065e-483a-891d-2ba0085aff24','2022-05-15 05:30:23',NULL,0,'갤럭시 vs 아이폰','KOREA',1611,10),(585,'ddfabca9-cd37-4c18-a3aa-92a042fe7bfb','2022-05-15 05:30:35','ddfabca9-cd37-4c18-a3aa-92a042fe7bfb','2022-05-15 05:30:35',NULL,0,'갤럭시탭 vs 아이패드','KOREA',1612,10),(586,'66af3d50-aecb-4ea8-9f4c-c6f2a205750c','2022-05-15 05:40:56','66af3d50-aecb-4ea8-9f4c-c6f2a205750c','2022-05-15 05:40:56',NULL,0,'솔직히 나 유튜버 하면 잘할거같은데 어떻게 시작해야 할 지 감이 안잡히네  조언좀 해줘라. 내가 백만 가면 보답해드림','KOREA',1613,9),(587,'d74d86b5-5136-4cfa-a1c9-33e0d37dbfd7','2022-05-15 05:43:03','d74d86b5-5136-4cfa-a1c9-33e0d37dbfd7','2022-05-15 05:43:03',NULL,0,'유튜브 시작했다 ㅋㅋㅋㅋㅋ 좀만 하면 떡상할거같은데 한 만명정도만 돼도 수익이나나?? 수익 나면 얼마정도 남? 아 그리고 비트 위 영진 구독 좋아요 부탁드립니다.','KOREA',1614,9),(588,'e9c3f2b3-4b66-46ab-b621-229e7e13284a','2022-05-15 06:00:25','e9c3f2b3-4b66-46ab-b621-229e7e13284a','2022-05-15 06:00:25','5d092b89-002b-4345-a349-ff3c82c0f0c8.png',0,'어나니머스 들어오실 분 구합니다. 테스트로 민들렛을 해킹해주세요. 성공하신분 영입하겠습니다.','KOREA',1615,8),(589,'d0a603b4-d96e-4cda-9f5d-b73f7869757f','2022-05-15 06:16:30','d0a603b4-d96e-4cda-9f5d-b73f7869757f','2022-05-15 06:16:30',NULL,0,'영화보고 해커가 너무 멋있어보여서 해킹 공부 하려고 합니다. 어떻게 시작해해야 하나요 ㅋㅋ','KOREA',1616,8),(590,'7a21a73f-cb30-400d-ad48-e3b8ec09f399','2022-05-15 06:17:33','7a21a73f-cb30-400d-ad48-e3b8ec09f399','2022-05-15 06:17:33',NULL,0,'쉑쉑버거 vs 버커킹','KOREA',1617,7),(591,'237fbf5e-f01d-459c-9ac6-3a5b1e52a518','2022-05-15 06:17:53','237fbf5e-f01d-459c-9ac6-3a5b1e52a518','2022-05-15 06:17:53',NULL,0,'맥도날드 vs 롯데리아','KOREA',1618,7),(592,'6a188d31-2cd3-40c9-a9d5-0432c59ae8f2','2022-05-15 06:19:19','6a188d31-2cd3-40c9-a9d5-0432c59ae8f2','2022-05-15 06:19:19',NULL,0,'잼민이인데 숙제하기가 너무너무너무너무 싫어요. 근데 안해가서 혼나는것도 너무너무너무너무 싫어요 어떻게 해야하죠!!!!','KOREA',1619,6),(593,'67d75cc7-c991-4d7c-b39f-903f243436bc','2022-05-15 06:20:11','67d75cc7-c991-4d7c-b39f-903f243436bc','2022-05-15 06:20:11',NULL,0,'이제 초등학교 졸업하고 곧 중학생되는 예비 중딩입니다. 중학교 꿀팁좀 알려주십쇼 행님','KOREA',1620,6),(595,'e4d60714-e944-4bba-97c1-28a77cc7dcef','2022-05-15 06:34:27','e4d60714-e944-4bba-97c1-28a77cc7dcef','2022-05-15 06:34:27','6f8f309c-7be8-4b0d-9708-2ad647731a16.png',0,'(스포)닥터 스트레인지 죽음','KOREA',1622,5),(596,'be478004-91c7-42dc-a07e-096ef12405ce','2022-05-15 06:35:15','be478004-91c7-42dc-a07e-096ef12405ce','2022-05-15 06:35:15','f21d769a-4432-4c2f-93cb-56f081b1a6c1.png',0,'아이언맨이 너무 그립다...그리우면 꽃잎 하나씩 달고가라','KOREA',1623,5),(597,'1e2dc5de-13d8-49b6-b79d-982858494bea','2022-05-15 06:39:11','1e2dc5de-13d8-49b6-b79d-982858494bea','2022-05-15 06:39:11','992bfdaa-f675-4de5-afe3-fb8549716bb2.png',0,'아 요즘 원피스 뭐임.. 솔직히 이거 볼바에 톰과 제리 보는게 더 재밌을듯 ㅇㅈ?','KOREA',1624,12),(598,'864e01ae-ccdb-469a-b3ee-ea454f728438','2022-05-15 06:40:42','864e01ae-ccdb-469a-b3ee-ea454f728438','2022-05-15 06:40:42','d2d1b3a3-aa3f-4c2a-8d31-abe1d35f4777.png',0,'조로 vs 상디','KOREA',1625,12),(602,'a84826a5-81c1-4c3d-8252-20c029ce2ff4','2022-05-15 06:56:23','a84826a5-81c1-4c3d-8252-20c029ce2ff4','2022-05-15 06:56:23','9bf71aed-7d70-4d7a-b61e-c8c4a1b69f7b.png',0,'솔직히 손흥민 득점왕 가능?','KOREA',1629,3),(603,'13d7c0e0-a676-4ac6-82cf-34bde785f70e','2022-05-15 06:57:00','13d7c0e0-a676-4ac6-82cf-34bde785f70e','2020-05-19 23:20:06','e1be3849-b911-4ccb-9688-a1ea4ae8c3ba.png',0,'토트넘 에이스 누구라고 생각하냐 난 무조건 손이다. 반박할사람 꽃잎 달아라. ','KOREA',1630,3),(604,'80af8fca-9aed-481c-b1f0-3652105c282d','2022-05-15 06:58:49','80af8fca-9aed-481c-b1f0-3652105c282d','2022-05-15 06:58:49',NULL,0,'정찬성 유튜브 보고 끓어오른다. 맞짱 뜨실분 영진 하우스로 와라 세명까지 받는다. ','KOREA',1631,4),(605,'72bf154b-4a8d-41fc-8f79-755ef198ad2a','2022-05-15 06:59:20','72bf154b-4a8d-41fc-8f79-755ef198ad2a','2022-05-15 06:59:20','d37b9823-c242-42c6-98ad-b015f6a5b25e.png',0,'은가누랑 정찬성이랑 붙으면 정찬성 1라운드 버티기 가능? ','KOREA',1632,4),(606,'43900de0-70af-4174-afd6-ec87cbcf9522','2022-05-15 07:15:02','43900de0-70af-4174-afd6-ec87cbcf9522','2022-05-15 07:15:02','20468ff9-4ab4-4c01-8d4d-b89aa53fe332.jpeg',0,'숲에서 한바탕 할 넘 있냐? ㅋㅋ MMA로 ㄱㄱ','KOREA',1633,4),(745,'499bc2b7-e7d5-4729-9db4-e5b0bebe0bed','2022-05-15 07:41:10','499bc2b7-e7d5-4729-9db4-e5b0bebe0bed','2022-05-15 07:41:10',NULL,0,'당연히 조로 아니냐? 상디 그냥 뚜드려맞음 ㅋ','KOREA',1625,1),(746,'5e226a43-31f1-499f-b98c-5fc10b600fa3','2022-05-15 07:41:23','5e226a43-31f1-499f-b98c-5fc10b600fa3','2022-05-15 07:41:23',NULL,0,'톰과제리 띵작을 원피스에 비교하네...','KOREA',1624,14),(747,'d6e5a2a6-e86f-4806-910b-ad052d8db738','2022-05-15 07:42:06','d6e5a2a6-e86f-4806-910b-ad052d8db738','2022-05-15 07:42:06',NULL,0,'이번에 무조건 가능함 지금 살라 폼 ','KOREA',1629,1),(748,'1a66b78c-7539-4066-9024-2d2817ddd097','2022-05-15 07:43:13','1a66b78c-7539-4066-9024-2d2817ddd097','2022-05-15 07:43:13',NULL,0,'ㅋㅋㅋㅋㅋㅋㅋㅋㅋㅋㅋㅋㅋㅋㅋ 급식 먹으러 가','KOREA',1631,2),(749,'b698b8a3-f63f-403a-a50a-f137365add16','2022-05-15 07:43:56','b698b8a3-f63f-403a-a50a-f137365add16','2022-05-15 07:43:56',NULL,0,'체급 차때매 1분 버티면 잘한거','KOREA',1632,2),(750,'cded2470-7107-44cb-bfd0-7fd7f0c11f41','2022-05-15 07:44:41','cded2470-7107-44cb-bfd0-7fd7f0c11f41','2022-05-15 07:44:41',NULL,0,'킹정하는 부분','KOREA',1630,14),(751,'8f1c6a10-1d03-49ab-be6e-e35f46ed6526','2022-05-15 07:53:26','8f1c6a10-1d03-49ab-be6e-e35f46ed6526','2022-05-15 07:53:26',NULL,0,'초코송이가 원탑이지 칙촉도 맛있긴 ','KOREA',789,3),(1027,'fff1f406-bbcc-40ef-91b6-94df9c5b9b9d','2022-05-15 09:33:21','fff1f406-bbcc-40ef-91b6-94df9c5b9b9d','2022-05-15 09:33:21',NULL,0,'뉴욕 양키스지 ㅋ','KOREA',793,4),(1029,'9e38c252-1f9e-44a3-a6cd-59c4248fd6f5','2022-05-15 09:40:40','9e38c252-1f9e-44a3-a6cd-59c4248fd6f5','2022-05-15 09:40:40',NULL,0,'그거 수술후에는 완전히 회복되기전까지는 원래 코피 자주 나요. 아무문제 없습니다.','KOREA',1191,17),(1030,'aace4bc7-b0d1-4e51-bc07-c1e7c27a34db','2022-05-15 09:43:45','aace4bc7-b0d1-4e51-bc07-c1e7c27a34db','2022-05-15 09:43:45',NULL,0,'거기 페퍼로니 피자가 제일 맛있습니다. 꼭 페퍼로니 피자 시켜드세요 ㅋㅋㅋㅋ','KOREA',1194,17),(1031,'99589fdd-836a-4fa2-93da-35b3b60d84ba','2022-05-15 09:46:20','99589fdd-836a-4fa2-93da-35b3b60d84ba','2022-05-15 09:46:20','3811e15f-02b9-4d9d-83fb-2391b9bcc03f.png',0,'진짜 인정임 ㅋㅋㅋㅋㅋㅋㅋ 특히 그 민들레씨 부는게 대박이더라. 진짜 뽑아서 부는줄','KOREA',1193,20),(1032,'af640d58-51a1-44d6-ac65-e4c38ad28dbd','2022-05-15 09:47:48','af640d58-51a1-44d6-ac65-e4c38ad28dbd','2022-05-15 09:47:48',NULL,0,'천호쪽이면 천호공원이나 한강도 슬슬 걷다보면 금방나와서 오래 걸을거면 한강 가시는거 추천드립니다.','KOREA',1196,20),(1033,'f32a9946-1e37-4de0-b171-68924e43a7ec','2022-05-15 09:49:39','f32a9946-1e37-4de0-b171-68924e43a7ec','2022-05-15 09:49:39','1d6716a8-368a-4c45-b752-a1b465c419bb.png',0,'옐로우 페퍼로니 피자 추천합니다. 존맛탱','KOREA',1195,19),(1034,'440079ff-52ab-4ea3-8981-4977338bbedc','2022-05-15 09:50:48','440079ff-52ab-4ea3-8981-4977338bbedc','2022-05-15 09:50:48',NULL,0,'함께해요~ 도와주개냥~','KOREA',1198,19),(1035,'014c8b3c-c336-4187-9d50-128f50074369','2022-05-15 09:55:07','014c8b3c-c336-4187-9d50-128f50074369','2022-05-15 09:55:07',NULL,0,'지나가던 헬창입니다. 현재 몸상태를 몰라서 확실하진 않지만 운동을 전혀 하지 않은 상태라면 저 몸 만드는데 최소 1년은 넘게 걸립니다. 화이팅','KOREA',1197,18),(1057,'84977f5b-26b6-4328-9c91-f1e5044a5513','2022-05-15 09:58:13','84977f5b-26b6-4328-9c91-f1e5044a5513','2022-05-15 09:58:13',NULL,0,'ㅋㅋㅋㅋㅋㅋㅋㅋㅋㅋㅋㅋㅋㅋㅋㅋㅋㅋㅋㅋㅋㅋ 석기시대 사람인가','KOREA',1200,18),(1169,'b6136cd0-4b54-4ddb-a05e-6cc84ee1a2ee','2022-05-15 10:00:43','b6136cd0-4b54-4ddb-a05e-6cc84ee1a2ee','2022-05-15 10:00:43',NULL,0,'1반 이윤기 입니다.','KOREA',1199,16),(1174,'47f532f2-8d86-4fde-a545-ef39e750b18f','2022-05-15 10:02:13','47f532f2-8d86-4fde-a545-ef39e750b18f','2022-05-15 10:02:13',NULL,0,'꿈 깨시고 미래를 위해 공부나 하시죠. 해커 돼봤자 할 수 있는일 없어요','KOREA',1616,16),(1313,'33c4cf28-4f92-4c37-885b-47f26ab87920','2022-05-15 10:11:22','33c4cf28-4f92-4c37-885b-47f26ab87920','2022-05-15 10:11:22',NULL,0,'너도 할 수 있다. 내 친구 일 년만에 붙음','KOREA',1603,6),(1314,'50622e99-9b34-4ea6-9b91-02cee7f9e690','2022-05-15 10:13:06','50622e99-9b34-4ea6-9b91-02cee7f9e690','2022-05-15 10:13:06',NULL,0,'생일 축하한다!!!! 임마!!!','KOREA',1604,11),(1315,'315557eb-43a8-496a-9130-df9f5e2cc08b','2022-05-15 10:13:52','315557eb-43a8-496a-9130-df9f5e2cc08b','2022-05-15 10:13:52',NULL,0,'고백은 타이밍이다잉','KOREA',1605,11),(1316,'13040ec5-cf88-4369-9340-38dda613c239','2022-05-15 10:15:27','13040ec5-cf88-4369-9340-38dda613c239','2022-05-15 10:15:27',NULL,0,'기다려','KOREA',1606,12),(1317,'aa4ba577-d774-4d4b-90dc-69c8c968681e','2022-05-15 10:16:05','aa4ba577-d774-4d4b-90dc-69c8c968681e','2022-05-15 10:16:05',NULL,0,'일단 운동 ㄱ ㄱ','KOREA',1607,12),(1318,'e7c84274-d833-4b57-a093-0ce138ae0cdf','2022-05-15 10:16:48','e7c84274-d833-4b57-a093-0ce138ae0cdf','2022-05-15 10:16:48',NULL,0,'응 정글차이','KOREA',1608,13),(1319,'632a1be7-9055-49c0-8de5-1aedfd6acdf5','2022-05-15 10:17:27','632a1be7-9055-49c0-8de5-1aedfd6acdf5','2022-05-15 10:17:27',NULL,0,'리신은 피넛이지 ㅇㅈ?','KOREA',1609,13),(1320,'bb39ed6c-5ab4-4ce8-8f3b-8807e1753320','2022-05-15 13:30:24','bb39ed6c-5ab4-4ce8-8f3b-8807e1753320','2022-05-15 13:30:24',NULL,0,'응 내가 먼저 가서 불꺼야~','KOREA',1192,15),(1321,'a3afa6ad-fb65-432c-a03f-b834f8211b80','2022-05-15 13:31:08','a3afa6ad-fb65-432c-a03f-b834f8211b80','2022-05-15 13:31:08',NULL,0,'헐 수술 잘못되신거 아닌가요?? 언능 다시 병원 가보세요 ㅠㅠ','KOREA',1191,15),(1322,'b490140d-15b5-4386-9c56-f3a689c28105','2022-05-15 13:32:20','b490140d-15b5-4386-9c56-f3a689c28105','2022-05-15 13:32:20',NULL,0,'어림없는 뽈~!','KOREA',1629,13),(1597,'ae46d708-703e-4a0c-a7ae-0e61cce0a8ae','2022-05-15 13:52:59','ae46d708-703e-4a0c-a7ae-0e61cce0a8ae','2022-05-15 13:52:59',NULL,0,'천호동이면 올림픽공원쪽아닌가여 거기도 좋지않나여','KOREA',1196,1079),(1598,'fd71d2b3-b301-477c-bdc7-cb5bec14ec11','2022-05-15 13:59:35','fd71d2b3-b301-477c-bdc7-cb5bec14ec11','2022-05-15 13:59:35',NULL,0,'영진아 주소도 같이보내야지..쫄았구나 너','KOREA',1631,13),(1599,'f46ec0a0-5dcf-464a-abbc-7b30f084c42d','2022-05-15 14:02:48','f46ec0a0-5dcf-464a-abbc-7b30f084c42d','2022-05-15 14:02:48',NULL,0,'굽네 시카고 피자 드세요 치킨이랑 같이 세트로 시켜드세요. 짱입니다','KOREA',1195,12),(1600,'df9de2df-1d3c-4749-8387-ea76a80ca4d9','2022-05-15 14:04:39','df9de2df-1d3c-4749-8387-ea76a80ca4d9','2022-05-15 14:04:39',NULL,0,'같이 가요~ 도와주개냥으로 신청하겠습니다.','KOREA',1198,12),(1601,'0395b9c2-f7e8-4047-9a18-04250de69416','2022-05-15 14:06:12','0395b9c2-f7e8-4047-9a18-04250de69416','2022-05-15 14:06:12',NULL,0,'그걸 마우스로 쓴다고요???? 마늘 빻을때 쓰는게 아니고???','KOREA',1200,11),(1602,'ad9acd83-1db6-40d1-bea2-e36e107cf0d2','2022-05-15 14:06:51','ad9acd83-1db6-40d1-bea2-e36e107cf0d2','2022-05-15 14:06:51',NULL,0,'1반 김경석 입니다. 감사합니다.','KOREA',1199,11),(1741,'a5cdd976-3679-4e1a-be66-c8cae72ce3b4','2022-05-15 14:57:52','a5cdd976-3679-4e1a-be66-c8cae72ce3b4','2022-05-15 14:57:52',NULL,0,'왜 신입해커 기죽이고 그러세요.. 잘할수도 있죠..','KOREA',1616,1079),(1751,'8f6e8815-93e0-41a9-bc7e-09bb8d9c3187','2022-05-16 02:14:09','8f6e8815-93e0-41a9-bc7e-09bb8d9c3187','2022-05-16 02:14:09',NULL,0,'보스턴이 역대 최다임 보스턴이 최고','KOREA',793,1),(1752,'201bcc2f-b9f5-4c90-801f-c42fe8061ed1','2022-05-16 02:14:42','201bcc2f-b9f5-4c90-801f-c42fe8061ed1','2022-05-16 02:14:42',NULL,0,'요즘 원피스 톰과제리 따라하던데.. 망할 각임','KOREA',1624,1),(1754,'83397d2c-a357-400b-822e-6c2438ccc365','2022-05-16 02:17:00','83397d2c-a357-400b-822e-6c2438ccc365','2022-05-16 02:17:00','725929e9-6fe7-4d9e-9bdf-1880a35c6041.jpg',0,'빈츠 드셈 진짜 맛있음','KOREA',789,2),(1755,'9aa34d77-c6f3-433b-a7c6-e076923366fc','2022-05-16 02:18:56','9aa34d77-c6f3-433b-a7c6-e076923366fc','2022-05-16 02:18:56','4cb8a22f-b668-4b07-9272-c8b54db4fdbe.jpg',0,'마지막에 단 사람 무슨 소리냐 상디 발길질 하면 그냥 이김','KOREA',1625,7),(1756,'22f91c92-e85e-419d-bd79-ed1b7513d196','2022-05-16 02:21:22','22f91c92-e85e-419d-bd79-ed1b7513d196','2022-05-16 02:21:22',NULL,0,'수술이 직빵이야 ㅋㅋ 물론 의사랑 상담해봐','KOREA',1190,7),(1757,'1b08d9ae-0a61-47fc-897b-21953f431ea3','2022-05-16 02:21:44','1b08d9ae-0a61-47fc-897b-21953f431ea3','2022-05-16 02:21:44',NULL,0,'거기는 치즈 크러스트 추가해서 페퍼로니 피자가 원픽임 진짜 지림 미쳤음','KOREA',1194,7),(1758,'f7c570d8-0c8c-446f-848b-6bf8645db7f8','2022-05-16 02:22:38','f7c570d8-0c8c-446f-848b-6bf8645db7f8','2022-05-16 02:22:38',NULL,0,'볼카도 힘들었는데 은가누면 뚜드려 맞지이','KOREA',1632,20),(1759,'fd4ba6f5-372a-4205-9434-bd05e2de4d3d','2022-05-16 02:23:19','fd4ba6f5-372a-4205-9434-bd05e2de4d3d','2022-05-16 02:23:19',NULL,0,'일단 컴퓨터 공부부터 ㄱㄱ 보안 할라면 컴퓨터 잘 알아야 함','KOREA',1616,20),(1760,'0352d360-0554-4cce-84c1-0f796d3205de','2022-05-16 02:24:19','0352d360-0554-4cce-84c1-0f796d3205de','2022-05-16 02:24:19',NULL,0,'나는 여의도 공원 걸어다니는데 요즘 시원하더라~','KOREA',1196,17),(1761,'61547435-ac8d-48b4-8ea8-027ead19bbc3','2022-05-16 02:24:42','61547435-ac8d-48b4-8ea8-027ead19bbc3','2022-05-16 02:24:42',NULL,0,'ㅋㅋㅋㅋㅋㅋㅋㅋㅋㅋ 급식 먹고 와라 아가야','KOREA',1633,17),(1762,'3160a2ad-89af-4fac-89d1-ab3485b498f5','2022-05-16 02:25:07','3160a2ad-89af-4fac-89d1-ab3485b498f5','2022-05-16 02:25:07',NULL,0,'고생했다 그동안!! 앞으로 더 잘할거야!!','KOREA',1603,17),(1763,'9130eee7-472f-4f92-b148-b00860e0394f','2022-05-16 02:28:27','9130eee7-472f-4f92-b148-b00860e0394f','2022-05-16 02:28:27','401e8140-ee74-4827-8805-8911405a1362.jpg',0,'음식 사진 챌린지해요!! 사진만 올려주세요!!','KOREA',4784,3188),(1764,'292137e3-451c-494e-a17b-0d3dfb8f1019','2022-05-16 02:30:09','292137e3-451c-494e-a17b-0d3dfb8f1019','2022-05-16 02:30:09',NULL,0,'인생은 뭘까? 28년 인생.. 쉽지 않구만..','KOREA',4785,3189),(1765,'038dc04c-fe2c-48b4-ad37-6c4044065735','2022-05-16 02:32:08','038dc04c-fe2c-48b4-ad37-6c4044065735','2022-05-16 02:32:08',NULL,0,'happy birthday!','KOREA',1604,17),(1766,'ad26e1bc-18ab-43bd-8971-7b517af413b9','2022-05-16 02:32:31','ad26e1bc-18ab-43bd-8971-7b517af413b9','2022-05-16 02:32:31',NULL,0,'ㅋㅋㅋㅋㅋㅋㅋㅋㅋㅋㅋㅋㅋㅋ 응원한다','KOREA',1605,17),(1767,'18cdbed2-dc2a-47af-9e2d-5d3b997d0f59','2022-05-16 02:32:58','18cdbed2-dc2a-47af-9e2d-5d3b997d0f59','2022-05-16 02:32:58',NULL,0,'막글 기다려 개웃기네 ㅋㅋㅋㅋㅋㅋㅋㅋ','KOREA',1606,17),(1768,'f28a0fea-0984-4c21-aa2c-632e09630d5e','2022-05-16 02:33:22','f28a0fea-0984-4c21-aa2c-632e09630d5e','2022-05-16 02:33:22',NULL,0,'복학하면 공부도 하셈 ㄱㄱ 그리고 운동은 필수임','KOREA',1607,17),(1769,'4e90e9e1-6bae-4131-acc6-4d971cc510b9','2022-05-16 04:37:05','4e90e9e1-6bae-4131-acc6-4d971cc510b9','2022-05-16 04:37:05','83a49fba-bec6-4f4f-99ac-7da35aa87de9.jpg',0,'다저스가 이길 것 같네요 ㅎㅎㅎㅎㅎㅎㅎㅎㅎㅎㅎㅎㅎㅎㅎㅎㅎㅎ','KOREA',1188,3190),(1770,'650856d4-76db-432d-ab35-c155639dc374','2022-05-16 04:38:08','650856d4-76db-432d-ab35-c155639dc374','2022-05-16 04:38:08',NULL,0,'안녕하세요 ㅎㅎ\n반갑습니다.\n롤링페이퍼를 작성해보겠습니다.','KOREA',4786,3190),(2450,'b8813d62-19b8-479f-9b73-c5929f4f8db5','2022-05-16 08:35:25','b8813d62-19b8-479f-9b73-c5929f4f8db5','2022-05-16 08:35:25','b264af7b-3a14-4241-84c5-7068b1d27944.png',0,'제가 싸피라는 프로그램에 참여해서 열심히 공부하고 개발하다보니 어느덧 마지막 프로젝트를 진행하고 있네요.. 이제 곧 1년간의 과정을 마치고 수료를 하게 될 텐데 뿌듯함과 동시에 이제는 제가 스스로 계획하고 앞날을 준비해야 하는게 좀 두렵기도 하네요 ㅠㅠ 저 1년동안 정말 열심히 했는데 고생했다는 말과 함께 수료하고 뭘 할지 추천좀 해주세요. 수료하는날 열어볼게요!!','KOREA',6749,3187),(2451,'532a87f7-cbda-4086-aaa2-899798820d8e','2022-05-16 09:03:34','532a87f7-cbda-4086-aaa2-899798820d8e','2022-05-16 09:03:34','0d0e4d15-112b-44a4-8b0b-63e6fe19c46c.png',0,'와 싸피생이시군요.. 거기 커리큘럼이 되게 빡빡하다고 들었는데 마지막까지 잘 해내셨네요. 대단하십니다!! 그동안 고생하셨는데 휴식시간을 좀 가지시면 좋을것같습니다. 수료하시면 맛있는것도 먹고 놀러도 다니면서 재충전하시길 바래요. 마지막 프로젝트도 잘 마무리 하셨으면 좋겠습니다.','KOREA',6749,11),(2452,'b7079cf1-3402-4804-aa85-e537f2dace26','2022-05-16 09:08:22','b7079cf1-3402-4804-aa85-e537f2dace26','2022-05-16 09:08:22','f54142cc-084e-4e7d-ac82-dc206339046f.jpg',0,'술술술술 마셔야죠 술 그동안 못본 친구들 다 만나면서 술술술술술술','KOREA',6749,15),(2453,'b1807516-57a5-49fe-a5d0-644670773a7c','2022-05-16 09:09:53','b1807516-57a5-49fe-a5d0-644670773a7c','2022-05-16 09:09:53','befe9a65-29e9-4ec6-9a19-17fdd060f862.png',0,'마지막 프로젝트 끝나면 코드 리펙토링과 포트폴리오 작성하셔야죠. 면접을 위한 cs 공부와 알고리즘은 하고 계신가요?? 싸피 수료하시면 사실상 그냥 백수 신분이 되는건데 빨리 취업 해야죠. 공백기가 길어지면 그만큼 불리해지는것도 있고 사회가 만만하지 않습니다. 앞에서 뭐 놀아라 쉬어라 이러는데 정신차리세요. 엣헴-','KOREA',6749,13),(2454,'0e29fec5-705b-4200-ae02-d72a950b0484','2022-05-16 09:10:41','0e29fec5-705b-4200-ae02-d72a950b0484','2022-05-16 09:10:41','d18b2903-6903-42f5-b3b2-de4d2e42b28c.jpg',0,'아니 앞에 꽃잎아 그걸 누가 몰라??','KOREA',6749,20),(2455,'fcf0e9f4-8152-424a-9722-c881fae724f7','2022-05-16 09:14:04','fcf0e9f4-8152-424a-9722-c881fae724f7','2022-05-16 09:14:04','0a3412a5-f89b-4aa0-8100-9e44ab3d853d.jpg',0,'작성자 형은 잠깐 나가있어','KOREA',6749,17),(2456,'1479c873-0704-4335-9c34-96c164abfdf4','2022-05-16 09:15:29','1479c873-0704-4335-9c34-96c164abfdf4','2022-05-16 09:15:29','6a16f9e0-97e7-4cd2-852d-1d41d5a4b43b.jpg',0,'오버워치하세요 졸잼임 오버워치 2 나왔음','KOREA',6749,14),(2457,'acce6547-4381-4bc7-93b5-6c7419c87aca','2022-05-16 09:38:01','acce6547-4381-4bc7-93b5-6c7419c87aca','2022-05-16 09:38:01','0473b552-e582-4eb2-bf1f-dd5f27e086c2.jpg',0,'안녕하세요,\n저희집 메리 귀엽죵??','KOREA',6750,4504),(2458,'9246b187-b06d-4c48-b499-10fc87bbdb49','2022-05-16 13:15:00','9246b187-b06d-4c48-b499-10fc87bbdb49','2022-05-16 13:15:00','a1fd3db7-2da2-42f6-aed0-6a215590da84.png',0,'서울 1반 안영진이 잘생겼다고 생각되시면 1을 아니라면 2를 남겨주세요(익명투표입니다.)','KOREA',6751,3187),(2459,'3845aef0-fa15-43be-9d29-b167953ec1a8','2022-05-16 13:35:02','3845aef0-fa15-43be-9d29-b167953ec1a8','2022-05-16 13:35:02','ab54de8f-1d86-435e-bbd5-99c6eb4d9dae.png',0,'서울 1반 안영진이 잘생겼다고 생각되시면 1을 아니라면 2를 남겨주세요(익명투표입니다.)','KOREA',6752,3187),(2727,'7070d6db-19e4-44bc-a5d9-6844ad764ef5','2022-05-16 16:23:47','7070d6db-19e4-44bc-a5d9-6844ad764ef5','2022-05-16 16:23:47','908f2f06-a298-403e-a161-460421188e27.jpg',0,'저희집 메리도 같이 가고싶다네요~ 좋은일 해주셔서 감사합니다🧡','KOREA',1198,5012),(2728,'b4b0f51e-d94c-445b-ba25-9c00d92d3438','2022-05-16 16:26:55','b4b0f51e-d94c-445b-ba25-9c00d92d3438','2022-05-16 16:26:55','9d9336c6-6bc1-42d6-82e9-32d47c53aa89.jpg',0,'귀여운 강아지 보고 가세요~~😉 이름은 가을이입니다🐶 사람을 매우 좋아해요','KOREA',7526,5012),(2871,'2d30351d-df67-4939-958f-0e861c211a2b','2022-05-16 18:40:54','2d30351d-df67-4939-958f-0e861c211a2b','2022-05-16 18:40:54',NULL,0,'싸피조아😆😆😆😆😆😆😆😆😆','KOREA',7929,4504),(2872,'278b096b-75b1-4067-a954-df06afaeef2e','2022-05-16 18:43:22','278b096b-75b1-4067-a954-df06afaeef2e','2022-05-16 18:43:22',NULL,0,'배고파요...ㅠㅠㅠㅠㅠㅠㅠㅠ','KOREA',7930,5012),(2873,'6425f873-5461-4bdb-a5dc-931b666e15d4','2022-05-16 18:44:25','6425f873-5461-4bdb-a5dc-931b666e15d4','2022-05-16 18:44:25',NULL,0,'A106팀 모두 취업 잘되라~~','KOREA',7931,5012),(2874,'b128be6a-f685-437f-98ae-c1c77a5446cb','2022-05-16 18:49:35','b128be6a-f685-437f-98ae-c1c77a5446cb','2022-05-16 18:49:35','dfea28a5-e00b-4f50-a288-16b297ca4561.jpeg',0,'메리돼지고양이 냥아치고양이 🥲','KOREA',7932,4504),(2875,'4ab8397f-9961-4a81-aeee-c3c88296c982','2022-05-16 19:02:25','4ab8397f-9961-4a81-aeee-c3c88296c982','2022-05-16 19:02:25',NULL,0,'나랑 같이 스누피가든 갈사람!','KOREA',7933,4504),(3014,'45a3c494-75cc-44fa-9ecd-4819a3d2614e','2022-05-17 05:08:59','45a3c494-75cc-44fa-9ecd-4819a3d2614e','2022-05-17 05:08:59','27f73042-0009-4f5d-9c80-c94ffb164910.jpeg',0,'싸피 얼마 안남았는데 다들 원하시는 곳 가시길 바랍니다! 싸피 6기 화이팅😆😆','KOREA',8342,5012),(3515,'26681cce-30bd-44bf-8e6b-c92eccc815d5','2022-05-17 06:34:17','26681cce-30bd-44bf-8e6b-c92eccc815d5','2022-05-17 06:34:17','2d60733f-928f-477c-ac08-ee9991ca00d4.jpg',0,'맛있는 크로플 냠냠냠~~~~','KOREA',4784,4504),(3516,'89722b7c-088c-4a3c-9068-ccf39555c75f','2022-05-17 06:40:11','89722b7c-088c-4a3c-9068-ccf39555c75f','2022-05-17 06:40:11','2db8552e-1f7b-4bda-9b3b-835e45ad78df.jpg',0,'일하기 싫다... 놀면서 살고싶어요..','KOREA',7526,4504),(3517,'886e3da9-64b4-4294-bc6e-3f83632b31ab','2022-05-17 06:48:22','886e3da9-64b4-4294-bc6e-3f83632b31ab','2022-05-17 06:48:22','a93673a7-eefd-4530-b3e3-44f6b0d3a25a.jpg',0,'저는 치즈 김볶밥 먹는중 ㅎㅎㅎㅎ','KOREA',7930,4504),(3518,'3a6b6ac5-0175-4864-b3d9-34476f16ab15','2022-05-17 06:55:26','3a6b6ac5-0175-4864-b3d9-34476f16ab15','2022-05-17 06:55:26','83a414d2-ad46-43dc-896c-bbcfedcc5108.png',0,'6팀 화이팅!!!!! 갓영진!!!!!','KOREA',7931,4504),(3520,'d4e21f81-6a80-4f98-a25c-30d1605f972b','2022-05-17 07:27:23','d4e21f81-6a80-4f98-a25c-30d1605f972b','2022-05-17 07:27:23',NULL,0,'수술무섭다 ㅠㅠ 나도 비염심한데 ㅠ','KOREA',1190,5012),(3522,'3b178040-ddc1-45a2-85bf-dc57c6890d7a','2022-05-17 07:37:01','3b178040-ddc1-45a2-85bf-dc57c6890d7a','2022-05-17 07:37:01','94b4616b-2d4f-45dd-997b-a430fb09b1c3.jpg',0,'우리 인생 화이팅!\n네카라쿠배 가자!','KOREA',9874,5279),(3523,'9c056473-4039-46e4-86cb-210b49a5dd3d','2022-05-17 13:50:15','9c056473-4039-46e4-86cb-210b49a5dd3d','2022-05-17 13:50:15',NULL,0,'우리집 주변에 없네.. 나만 없는거야..?ㅠㅠ','KOREA',1194,5012),(3524,'7db8301a-92ce-4cc8-96d6-4a6af516878b','2022-05-17 14:11:34','7db8301a-92ce-4cc8-96d6-4a6af516878b','2022-05-17 14:11:34',NULL,0,'안넝 나는 피나코야 ㅎㅎㅎㅎㅎ','KOREA',9875,6552),(3525,'270e35ab-90a6-4610-b3b1-3f5dd65b9b5e','2022-05-17 14:35:09','270e35ab-90a6-4610-b3b1-3f5dd65b9b5e','2022-05-17 14:35:09',NULL,0,'1년간의 싸피생활 너무나 즐거웠습니다!!!!','KOREA',9876,6552),(3526,'224b005f-acaa-4e11-a788-5db31eb91811','2022-05-17 14:49:35','74cca283-4985-4ec5-8e1c-a9d173e20699','2022-05-18 14:40:49',NULL,1,'싸피 최고~~~~~~~~~~~','KOREA',7929,5551),(3528,'96f7e481-2785-4597-bb1c-f5476d64b5fe','2022-05-17 15:28:44','96f7e481-2785-4597-bb1c-f5476d64b5fe','2022-05-17 15:28:44','ffe072a2-67f1-4080-98a4-26bce8f460ae.png',0,'너와 나의 연결고리~~~~~','KOREA',9878,1),(3529,'651c86d7-5603-41ad-b952-e9b4a6e74db8','2022-05-17 16:05:55','225dc24b-c565-4c49-8659-a47c514ffa91','2022-05-18 14:35:16',NULL,1,'고양이너무 귀엽네요 호호호ㅎ','KOREA',7932,814),(3531,'09cddefd-bd96-4ec7-9272-1c906fea8e95','2022-05-17 16:43:25','09cddefd-bd96-4ec7-9272-1c906fea8e95','2022-05-17 16:43:25',NULL,0,'화이팅~~~~~~~~~~~~','KOREA',9874,814),(3532,'5953bdd2-b58d-41d8-bdfa-9221e985474f','2022-05-17 17:02:44','5953bdd2-b58d-41d8-bdfa-9221e985474f','2022-05-17 17:02:44',NULL,0,'할 수 있습니다!! 화이팅!!!!!','KOREA',1197,4504),(3533,'c55de9e5-141e-4b6a-a8f4-6050757a5ff7','2022-05-17 17:08:23','c55de9e5-141e-4b6a-a8f4-6050757a5ff7','2022-05-17 17:08:23',NULL,0,'많이 배우고 갑니다 싸피....','KOREA',9876,4504),(3538,'225193f9-dd4e-4f8b-af8e-0467349f7718','2022-05-18 07:28:33','225193f9-dd4e-4f8b-af8e-0467349f7718','2022-05-18 07:28:33','9a490996-0748-47fd-be10-5d29093350f6.jpg',0,'통녹때문에 무조건 갤럭시임','KOREA',1611,3189),(3539,'0ee01943-35b8-44c6-a47d-39ecfb9747ad','2022-05-18 07:29:07','0ee01943-35b8-44c6-a47d-39ecfb9747ad','2022-05-18 07:29:07',NULL,0,'펜슬 사용감은 갤탭이다~','KOREA',1612,3189),(3540,'9f86e22c-c7cf-47b5-aad0-79dee5af4566','2022-05-18 07:31:16','9f86e22c-c7cf-47b5-aad0-79dee5af4566','2022-05-18 07:31:16','5feab647-6ad9-4f67-886e-672e9f79e752.jpg',0,'생일 축하해요!! 케이크 드셈','KOREA',1604,3188),(3541,'8e71a210-9ade-4516-bca9-4cda8500cc51','2022-05-18 07:31:40','8e71a210-9ade-4516-bca9-4cda8500cc51','2022-05-18 07:31:40',NULL,0,'야 우냐?','KOREA',1605,3188),(3542,'a3fec4b6-b2ff-468e-801e-563904331bf3','2022-05-18 09:03:52','a3fec4b6-b2ff-468e-801e-563904331bf3','2022-05-18 09:03:52',NULL,0,'우리 가족 모두 건강하게 해주세용','KOREA',9882,813),(3543,'86300818-4c89-45d2-87fb-73f6a204ed9e','2022-05-18 13:25:39','86300818-4c89-45d2-87fb-73f6a204ed9e','2022-05-18 13:25:39',NULL,0,'롯데리아가 최고죠7~~~\nㅏㅏ','KOREA',1618,6552),(3544,'1873f3de-d595-4037-8569-275050cb840d','2022-05-18 13:29:35','1873f3de-d595-4037-8569-275050cb840d','2022-05-18 13:29:35',NULL,0,'싸피 마지막 자율 프로젝트 수고하셨습니다^^\n\n\n','KOREA',9883,6552),(3545,'736e4423-63fd-486f-a88a-e1831330a75e','2022-05-18 14:09:45','736e4423-63fd-486f-a88a-e1831330a75e','2022-05-18 14:09:45',NULL,0,'안녕하세요\n민들렛 처음 사용해봅니다.\n반가워요~~','KOREA',9884,814),(3546,'814e5526-742a-46a8-ba55-162691211cf3','2022-05-18 14:47:58','814e5526-742a-46a8-ba55-162691211cf3','2022-05-18 14:47:58',NULL,0,'나는야 싸피 인싸~~~\n히히히히','KOREA',9885,3187),(3547,'9b816dcd-0127-4f81-a121-337a05270fa8','2022-05-18 15:47:34','9b816dcd-0127-4f81-a121-337a05270fa8','2022-05-18 15:47:34',NULL,0,'피나코? 이름 귀엽네 ㅎ','KOREA',9875,4504),(3548,'91ec4e6e-124d-472a-8e85-3a7d8ee01759','2022-05-19 06:00:19','91ec4e6e-124d-472a-8e85-3a7d8ee01759','2022-05-19 06:00:19','23723769-19e3-404e-89ff-9b8d413bd6c1.jpg',0,'우리중에 가장 멋진 패션을 골라주세요!!!!','KOREA',9886,6553),(3549,'40ab6f05-430a-4c98-bfd4-c0bafb81b0e2','2022-05-19 06:09:33','40ab6f05-430a-4c98-bfd4-c0bafb81b0e2','2022-05-19 06:09:33',NULL,0,'난 4번이 제일 괜찮은데??','KOREA',9886,1),(3550,'7e14dfee-1015-47b0-8448-a89e2a7086eb','2022-05-19 06:10:24','7e14dfee-1015-47b0-8448-a89e2a7086eb','2022-05-19 06:10:24',NULL,0,'4번 예쁜데?','KOREA',9886,2),(3551,'27b8707b-908b-4a63-9ba3-f21849b353d0','2022-05-19 06:13:27','27b8707b-908b-4a63-9ba3-f21849b353d0','2022-05-19 06:13:27',NULL,0,'3번이 비율이 좋네 3번 패션이 좋은','KOREA',9886,4),(3552,'56794bad-d304-4c38-bd1f-9553b0e333ff','2022-05-19 06:14:30','56794bad-d304-4c38-bd1f-9553b0e333ff','2022-05-19 06:14:30',NULL,0,'3번 스타일링 괜춘한데??','KOREA',9886,3),(3553,'8d42267f-66e5-452a-be58-5d70be8d9c12','2022-05-19 06:15:39','8d42267f-66e5-452a-be58-5d70be8d9c12','2022-05-19 06:15:39',NULL,0,'1번 각','KOREA',9886,5),(3554,'a3c58198-3fc9-45e6-becc-72f62d9aee7f','2022-05-19 06:16:25','a3c58198-3fc9-45e6-becc-72f62d9aee7f','2022-05-19 06:16:25',NULL,0,'난 1번 스타일이 좋은 듯','KOREA',9886,6),(3555,'7e4de10b-d4bc-4e14-93e3-cfe06b2489d0','2022-05-19 06:18:27','7e4de10b-d4bc-4e14-93e3-cfe06b2489d0','2022-05-19 06:18:27',NULL,0,'1번 패션 좋다 완전 내 스타일 ㅎㅎ','KOREA',9886,7),(3556,'bdaab2dc-b307-4b1d-9212-104b0116115f','2022-05-19 06:19:12','bdaab2dc-b307-4b1d-9212-104b0116115f','2022-05-19 06:19:12',NULL,0,'오 1번 쫌 입는거 같은데?','KOREA',9886,8),(3557,'95ebb5db-1046-4a0d-84ef-d2d941aaa508','2022-05-19 06:24:59','95ebb5db-1046-4a0d-84ef-d2d941aaa508','2022-05-19 06:24:59','c8c352d4-9251-4cb6-a70c-030f938db919.jpg',0,'우리중에서 가장 멋진 패션을 골라주세요!!!!!\n왼쪽부터 1,2,3,4 입니다','KOREA',9887,6553),(3558,'9acc82d7-8347-428f-a05d-a61de86dcf88','2022-05-19 06:26:03','9acc82d7-8347-428f-a05d-a61de86dcf88','2022-05-19 06:26:03',NULL,0,'1번이 여기서 제일 잘 입음  ','KOREA',9886,9),(3559,'bd3a0a60-6ed2-4599-a33a-50ef8e563ae2','2022-05-19 06:39:52','bd3a0a60-6ed2-4599-a33a-50ef8e563ae2','2022-05-19 06:39:52','72bc9537-d412-458d-88f9-7464cd6fabbb.jpg',0,'우리중에서 가장 멋진 패션읗 골라주세요 !!! \n왼쪽부터 1,2,3,4입니다','KOREA',9888,6553),(3560,'0e7c706e-640f-44f7-a269-7fe0f5c008d0','2022-05-19 07:45:50','0e7c706e-640f-44f7-a269-7fe0f5c008d0','2022-05-19 07:45:50',NULL,0,'은가누가 이기지요~~~~~~~','KOREA',1632,3187),(3561,'deb65a24-71f3-4937-880c-550eea8ae29e','2022-05-19 07:47:15','deb65a24-71f3-4937-880c-550eea8ae29e','2022-05-19 07:47:15','e672568e-ad15-4832-8265-74558afa503c.jpg',0,'안녕 반가워 나는 영진이라고해~~','KOREA',9889,3187),(3562,'a52fd1fd-40f2-450a-b1c9-b55950614393','2022-05-19 08:58:21','a52fd1fd-40f2-450a-b1c9-b55950614393','2022-05-19 08:58:21',NULL,0,'싸피 화이팅!!','KOREA',9890,2),(3563,'7600edc8-ae9d-4d2e-849b-130b3a12f1f8','2022-05-19 09:03:53','7600edc8-ae9d-4d2e-849b-130b3a12f1f8','2022-05-19 09:03:53',NULL,0,'메시는 GOAT!!! 원앤온리 유일신','KOREA',9891,2),(3564,'0ec4b2e3-adb5-461f-8a6c-a3fb5b8de4e2','2022-05-19 12:09:24','0ec4b2e3-adb5-461f-8a6c-a3fb5b8de4e2','2022-05-19 12:09:24',NULL,0,'당연히 조로지~~~~~~~~\n\n','KOREA',1625,3187),(3565,'3c3b4765-1610-4808-9ec3-ba250dd0c43e','2022-05-19 12:10:42','3c3b4765-1610-4808-9ec3-ba250dd0c43e','2022-05-19 12:10:42','7d18e3bd-7641-4eb3-a383-fa1de2044eba.jpg',0,'안녕하세요 저는 영진이에요~~','KOREA',9892,3187),(3566,'fa6de192-c231-49ae-b288-e212f24c2f5f','2022-05-19 12:39:48','fa6de192-c231-49ae-b288-e212f24c2f5f','2022-05-19 12:39:48',NULL,0,'안녕 나는 피나코 라고해\n나는 잘생겼어 ','KOREA',9893,3187),(3567,'d1e6ca2e-fa42-4fa3-895e-7747fc6bb8b3','2022-05-19 12:40:46','d1e6ca2e-fa42-4fa3-895e-7747fc6bb8b3','2022-05-19 12:40:46','2ce70e8a-ac10-4bd5-8516-7e06fd286b9b.png',0,'아삼이삼 1등 각???????','KOREA',9894,3187),(3568,'ad0c8e13-30a3-4243-8544-90cad1780765','2022-05-19 12:42:17','ad0c8e13-30a3-4243-8544-90cad1780765','2022-05-19 12:42:17',NULL,0,'취직합시다 취직\n경석님 카카오페이\n윤기님 구글\n선민님 인프런?\n영진 카카오\n민규님 당근\n건호님 모비스','KOREA',9895,3187),(3569,'d6bb9f8b-51a9-477e-9b1c-b09c0072c1e5','2022-05-19 12:43:17','d6bb9f8b-51a9-477e-9b1c-b09c0072c1e5','2022-05-19 12:43:17','7ea3f5a1-b0b0-4763-aced-9ceb87768594.PNG',0,'실습코치되면 aws 조금 더 내겠습니다 ^^','KOREA',9896,3187),(3570,'d257a1fa-e70c-4510-b798-64e3c7ea6f78','2022-05-19 12:44:33','d257a1fa-e70c-4510-b798-64e3c7ea6f78','2022-05-19 12:44:33','8556428a-a03e-43cd-a0a7-952c994f1c19.png',0,'싸피 수고하셨습니다. 이제 판교에서 봐요!!','KOREA',9897,3187),(3571,'f3ff4003-6cc7-43e7-b948-a9fc8bac1772','2022-05-19 12:54:46','f3ff4003-6cc7-43e7-b948-a9fc8bac1772','2022-05-19 12:54:46','28f68479-1a2e-4ad2-9114-15c687d8aa8d.jpg',0,'취직하고 주짓수 배울건데 괜춘?? ','KOREA',9898,3187),(3572,'b7b5512f-b31c-4d7f-8626-8b2a54210e63','2022-05-19 13:44:04','b7b5512f-b31c-4d7f-8626-8b2a54210e63','2022-05-19 13:44:04',NULL,0,'갤럭시가 최고지 화질보셈 장난아님!! ','KOREA',1611,1),(3573,'63561607-7ee1-419d-bf74-0be5c0fdcf8f','2022-05-19 13:45:01','63561607-7ee1-419d-bf74-0be5c0fdcf8f','2022-05-19 13:45:01',NULL,0,'난 아이폰이 더 좋음 애플만의 감성이 있음 ','KOREA',1611,2),(3574,'cb455836-8d7c-4dc3-a5d7-c5191400b633','2022-05-19 13:46:10','cb455836-8d7c-4dc3-a5d7-c5191400b633','2022-05-19 13:46:10',NULL,0,'갤럭시 S22 진짜 대박임 ㅠㅠ ','KOREA',1611,3),(4131,'883bba3b-651b-477e-bccc-e59a55333274','2022-05-20 00:44:01','883bba3b-651b-477e-bccc-e59a55333274','2022-05-20 00:44:01','7daeeaee-c083-4538-a805-20a6bee9796c.png',0,'피나코 진짜 개귀여움 ㅋㅋㅋㅋㅋ','KOREA',9875,3187),(4132,'b1e538f6-27c5-4152-8891-87d6c3243913','2022-05-20 02:00:01','b1e538f6-27c5-4152-8891-87d6c3243913','2022-05-20 02:00:01','49149e28-36bd-4846-a91e-f9f70e1b3b44.jpg',0,'좋은 개발자로 성장하고 싶어요!','KOREA',11551,2),(4133,'bca3d7c6-d0b6-47f2-be20-fb90cd453339','2022-05-20 02:02:04','bca3d7c6-d0b6-47f2-be20-fb90cd453339','2022-05-20 02:02:04',NULL,0,'우리 모두 눈 건강 잘 지켜서 오래 오래 코딩해요 ㅎㅎㅎ','KOREA',11552,2),(4273,'9fad7aa2-8947-4ca5-a639-bf1a4a4b32b6','2022-05-20 07:21:53','9fad7aa2-8947-4ca5-a639-bf1a4a4b32b6','2022-05-20 07:21:53',NULL,0,'보안쪽 전망 좋으니 잘해보시길','KOREA',1616,5012);
/*!40000 ALTER TABLE `tb_petal` ENABLE KEYS */;
UNLOCK TABLES;

--
-- Table structure for table `tb_register_key`
--

DROP TABLE IF EXISTS `tb_register_key`;
/*!40101 SET @saved_cs_client     = @@character_set_client */;
/*!50503 SET character_set_client = utf8mb4 */;
CREATE TABLE `tb_register_key` (
  `register_key_seq` bigint(20) unsigned NOT NULL AUTO_INCREMENT,
  `created_by` varchar(255) NOT NULL,
  `created_date` timestamp NOT NULL DEFAULT current_timestamp(),
  `value` varchar(255) NOT NULL,
  PRIMARY KEY (`register_key_seq`),
  UNIQUE KEY `UKjc5ct3ug23ms87i8kurk3ll3i` (`value`)
) ENGINE=InnoDB AUTO_INCREMENT=91 DEFAULT CHARSET=utf8mb4;
/*!40101 SET character_set_client = @saved_cs_client */;

--
-- Dumping data for table `tb_register_key`
--

LOCK TABLES `tb_register_key` WRITE;
/*!40000 ALTER TABLE `tb_register_key` DISABLE KEYS */;
/*!40000 ALTER TABLE `tb_register_key` ENABLE KEYS */;
UNLOCK TABLES;

--
-- Table structure for table `tb_report`
--

DROP TABLE IF EXISTS `tb_report`;
/*!40101 SET @saved_cs_client     = @@character_set_client */;
/*!50503 SET character_set_client = utf8mb4 */;
CREATE TABLE `tb_report` (
  `report_seq` bigint(20) unsigned NOT NULL AUTO_INCREMENT,
  `created_by` varchar(255) NOT NULL,
  `created_date` timestamp NOT NULL DEFAULT current_timestamp(),
  `last_modified_by` varchar(255) NOT NULL,
  `last_modified_date` timestamp NOT NULL DEFAULT current_timestamp(),
  `reason` varchar(255) NOT NULL,
  `status` varchar(255) NOT NULL,
  `admin_seq` bigint(20) unsigned DEFAULT NULL,
  `member_seq` bigint(20) unsigned NOT NULL,
  `petal_seq` bigint(20) unsigned NOT NULL,
  PRIMARY KEY (`report_seq`),
  KEY `FKhqs8tpyc3xbclpa6dwxxd34rb` (`admin_seq`),
  KEY `FKiebdth6y6ft43ol6j755n14ca` (`member_seq`),
  KEY `FK1x2s5vkiglgiicte16nnabtf4` (`petal_seq`),
  CONSTRAINT `FK1x2s5vkiglgiicte16nnabtf4` FOREIGN KEY (`petal_seq`) REFERENCES `tb_petal` (`petal_seq`),
  CONSTRAINT `FKhqs8tpyc3xbclpa6dwxxd34rb` FOREIGN KEY (`admin_seq`) REFERENCES `tb_admin` (`admin_seq`),
  CONSTRAINT `FKiebdth6y6ft43ol6j755n14ca` FOREIGN KEY (`member_seq`) REFERENCES `tb_member` (`member_seq`)
) ENGINE=InnoDB AUTO_INCREMENT=204 DEFAULT CHARSET=utf8mb4;
/*!40101 SET character_set_client = @saved_cs_client */;

--
-- Dumping data for table `tb_report`
--

LOCK TABLES `tb_report` WRITE;
/*!40000 ALTER TABLE `tb_report` DISABLE KEYS */;
/*!40000 ALTER TABLE `tb_report` ENABLE KEYS */;
UNLOCK TABLES;

--
-- Table structure for table `tb_tag`
--

DROP TABLE IF EXISTS `tb_tag`;
/*!40101 SET @saved_cs_client     = @@character_set_client */;
/*!50503 SET character_set_client = utf8mb4 */;
CREATE TABLE `tb_tag` (
  `tag_seq` bigint(20) unsigned NOT NULL AUTO_INCREMENT,
  `created_by` varchar(255) NOT NULL,
  `created_date` timestamp NOT NULL DEFAULT current_timestamp(),
  `name` varchar(20) NOT NULL,
  `dandelion_seq` bigint(20) unsigned NOT NULL,
  `member_seq` bigint(20) unsigned NOT NULL,
  PRIMARY KEY (`tag_seq`),
  KEY `FKns0lgxbcwg1503m550v3ububo` (`dandelion_seq`),
  KEY `FKi9uxjioi03sbmyt9x2o1792i1` (`member_seq`),
  CONSTRAINT `FKi9uxjioi03sbmyt9x2o1792i1` FOREIGN KEY (`member_seq`) REFERENCES `tb_member` (`member_seq`),
  CONSTRAINT `FKns0lgxbcwg1503m550v3ububo` FOREIGN KEY (`dandelion_seq`) REFERENCES `tb_dandelion` (`dandelion_seq`)
) ENGINE=InnoDB AUTO_INCREMENT=1278 DEFAULT CHARSET=utf8mb4;
/*!40101 SET character_set_client = @saved_cs_client */;

--
-- Dumping data for table `tb_tag`
--

LOCK TABLES `tb_tag` WRITE;
/*!40000 ALTER TABLE `tb_tag` DISABLE KEYS */;
/*!40000 ALTER TABLE `tb_tag` ENABLE KEYS */;
UNLOCK TABLES;
/*!40103 SET TIME_ZONE=@OLD_TIME_ZONE */;

/*!40101 SET SQL_MODE=@OLD_SQL_MODE */;
/*!40014 SET FOREIGN_KEY_CHECKS=@OLD_FOREIGN_KEY_CHECKS */;
/*!40014 SET UNIQUE_CHECKS=@OLD_UNIQUE_CHECKS */;
/*!40101 SET CHARACTER_SET_CLIENT=@OLD_CHARACTER_SET_CLIENT */;
/*!40101 SET CHARACTER_SET_RESULTS=@OLD_CHARACTER_SET_RESULTS */;
/*!40101 SET COLLATION_CONNECTION=@OLD_COLLATION_CONNECTION */;
/*!40111 SET SQL_NOTES=@OLD_SQL_NOTES */;

-- Dump completed on 2022-05-20 11:45:37
